change_id,change_type,route,origin,origin_name,origin_name_zh,origin_country,origin_flag,destination,destination_name,destination_name_zh,destination_country,destination_flag,flight_date,flight_number,airline_id,airline_name,airline_name_zh,airline_name_en,price,currency,baggage_checked_weight_kg,baggage_checked_pieces,baggage_carry_on_weight_kg,transfer_count,transfer_airports,transfer_airports_zh,transfer_summary,booking_url,changed_fields,source,fetched_at
4361b82a21b1ffc1,new_offer,TPE-NRT,TPE,桃園,桃園,TW,🇹🇼,NRT,東京成田,東京成田,JP,🇯🇵,2026-06-26,JX894,JX,星宇航空,星宇航空,STARLUX Airlines,16021,TWD,30,1,10,2,"HKG,ICN",香港 / 首爾仁川,2 stop(s) 香港 / 首爾仁川,,"baggage_carry_on_weight_kg,baggage_checked_pieces,baggage_checked_weight_kg,price,transfer_count",mock-offer-fallback,2026-06-26T10:17:47+00:00
8dd7d1bffa683a4a,new_offer,TPE-NRT,TPE,桃園,桃園,TW,🇹🇼,NRT,東京成田,東京成田,JP,🇯🇵,2026-06-26,BR146,BR,長榮航空,長榮航空,EVA Air,12484,TWD,23,2,10,0,,,直飛,,"baggage_carry_on_weight_kg,baggage_checked_pieces,baggage_checked_weight_kg,price,transfer_count",mock-offer-fallback,2026-06-26T10:17:47+00:00
23c9ed540e3874ec,new_offer,TPE-NRT,TPE,桃園,桃園,TW,🇹🇼,NRT,東京成田,東京成田,JP,🇯🇵,2026-06-27,CI515,CI,中華航空,中華航空,China Airlines,8830,TWD,15,2,10,2,"SIN,BKK",新加坡樟宜 / 曼谷素萬那普,2 stop(s) 新加坡樟宜 / 曼谷素萬那普,,"baggage_carry_on_weight_kg,baggage_checked_pieces,baggage_checked_weight_kg,price,transfer_count",mock-offer-fallback,2026-06-26T10:17:47+00:00
dfd86bb898a92481,new_offer,TPE-NRT,TPE,桃園,桃園,TW,🇹🇼,NRT,東京成田,東京成田,JP,🇯🇵,2026-06-27,AE819,AE,華信航空,華信航空,Mandarin Airlines,6516,TWD,15,1,7,2,"ICN,HKG",首爾仁川 / 香港,2 stop(s) 首爾仁川 / 香港,,"baggage_carry_on_weight_kg,baggage_checked_pieces,baggage_checked_weight_kg,price,transfer_count",mock-offer-fallback,2026-06-26T10:17:47+00:00
9fb179c91a7732ba,new_offer,TPE-NRT,TPE,桃園,桃園,TW,🇹🇼,NRT,東京成田,東京成田,JP,🇯🇵,2026-06-28,IT834,IT,台灣虎航,台灣虎航,Tigerair Taiwan,9966,TWD,15,2,10,1,SIN,新加坡樟宜,1 stop(s) 新加坡樟宜,,"baggage_carry_on_weight_kg,baggage_checked_pieces,baggage_checked_weight_kg,price,transfer_count",mock-offer-fallback,2026-06-26T10:17:47+00:00
db03242cbfef219b,new_offer,TPE-NRT,TPE,桃園,桃園,TW,🇹🇼,NRT,東京成田,東京成田,JP,🇯🇵,2026-06-28,CI588,CI,中華航空,中華航空,China Airlines,14653,TWD,20,1,7,0,,,直飛,,"baggage_carry_on_weight_kg,baggage_checked_pieces,baggage_checked_weight_kg,price,transfer_count",mock-offer-fallback,2026-06-26T10:17:47+00:00
2e377baae69c2696,new_offer,TPE-NRT,TPE,桃園,桃園,TW,🇹🇼,NRT,東京成田,東京成田,JP,🇯🇵,2026-06-29,AE620,AE,華信航空,華信航空,Mandarin Airlines,13306,TWD,23,1,7,2,"SIN,HKG",新加坡樟宜 / 香港,2 stop(s) 新加坡樟宜 / 香港,,"baggage_carry_on_weight_kg,baggage_checked_pieces,baggage_checked_weight_kg,price,transfer_count",mock-offer-fallback,2026-06-26T10:17:47+00:00
8fa286d26eaa17bf,new_offer,TPE-NRT,TPE,桃園,桃園,TW,🇹🇼,NRT,東京成田,東京成田,JP,🇯🇵,2026-06-29,IT287,IT,台灣虎航,台灣虎航,Tigerair Taiwan,10548,TWD,0,0,10,0,,,直飛,,"baggage_carry_on_weight_kg,baggage_checked_pieces,baggage_checked_weight_kg,price,transfer_count",mock-offer-fallback,2026-06-26T10:17:47+00:00
0b31adc50e0eb8de,new_offer,TPE-NRT,TPE,桃園,桃園,TW,🇹🇼,NRT,東京成田,東京成田,JP,🇯🇵,2026-06-30,AE774,AE,華信航空,華信航空,Mandarin Airlines,10629,TWD,15,1,7,0,,,直飛,,"baggage_carry_on_weight_kg,baggage_checked_pieces,baggage_checked_weight_kg,price,transfer_count",mock-offer-fallback,2026-06-26T10:17:47+00:00
ffe90bd5986b7fd8,new_offer,TPE-NRT,TPE,桃園,桃園,TW,🇹🇼,NRT,東京成田,東京成田,JP,🇯🇵,2026-06-30,IT202,IT,台灣虎航,台灣虎航,Tigerair Taiwan,12015,TWD,20,1,7,1,HKG,香港,1 stop(s) 香港,,"baggage_carry_on_weight_kg,baggage_checked_pieces,baggage_checked_weight_kg,price,transfer_count",mock-offer-fallback,2026-06-26T10:17:47+00:00
7b160be59753ceb8,new_offer,TPE-NRT,TPE,桃園,桃園,TW,🇹🇼,NRT,東京成田,東京成田,JP,🇯🇵,2026-07-01,JX640,JX,星宇航空,星宇航空,STARLUX Airlines,11310,TWD,23,1,7,0,,,直飛,,"baggage_carry_on_weight_kg,baggage_checked_pieces,baggage_checked_weight_kg,price,transfer_count",mock-offer-fallback,2026-06-26T10:17:47+00:00
0c35a754336f784a,new_offer,TPE-NRT,TPE,桃園,桃園,TW,🇹🇼,NRT,東京成田,東京成田,JP,🇯🇵,2026-07-01,CI665,CI,中華航空,中華航空,China Airlines,10727,TWD,20,2,7,2,"HKG,KIX",香港 / 大阪關西,2 stop(s) 香港 / 大阪關西,,"baggage_carry_on_weight_kg,baggage_checked_pieces,baggage_checked_weight_kg,price,transfer_count",mock-offer-fallback,2026-06-26T10:17:47+00:00
986af7713160d71c,new_offer,TPE-NRT,TPE,桃園,桃園,TW,🇹🇼,NRT,東京成田,東京成田,JP,🇯🇵,2026-07-02,BR476,BR,長榮航空,長榮航空,EVA Air,10135,TWD,23,2,7,1,SIN,新加坡樟宜,1 stop(s) 新加坡樟宜,,"baggage_carry_on_weight_kg,baggage_checked_pieces,baggage_checked_weight_kg,price,transfer_count",mock-offer-fallback,2026-06-26T10:17:47+00:00
d58be92bbdb9ea1f,new_offer,TPE-NRT,TPE,桃園,桃園,TW,🇹🇼,NRT,東京成田,東京成田,JP,🇯🇵,2026-07-02,IT150,IT,台灣虎航,台灣虎航,Tigerair Taiwan,9543,TWD,23,2,7,1,BKK,曼谷素萬那普,1 stop(s) 曼谷素萬那普,,"baggage_carry_on_weight_kg,baggage_checked_pieces,baggage_checked_weight_kg,price,transfer_count",mock-offer-fallback,2026-06-26T10:17:47+00:00
791ad8c661b181fd,new_offer,TPE-NRT,TPE,桃園,桃園,TW,🇹🇼,NRT,東京成田,東京成田,JP,🇯🇵,2026-07-03,BR845,BR,長榮航空,長榮航空,EVA Air,15788,TWD,30,1,10,2,"SIN,BKK",新加坡樟宜 / 曼谷素萬那普,2 stop(s) 新加坡樟宜 / 曼谷素萬那普,,"baggage_carry_on_weight_kg,baggage_checked_pieces,baggage_checked_weight_kg,price,transfer_count",mock-offer-fallback,2026-06-26T10:17:47+00:00
d7483ccbff6ad71f,new_offer,TPE-NRT,TPE,桃園,桃園,TW,🇹🇼,NRT,東京成田,東京成田,JP,🇯🇵,2026-07-03,CI560,CI,中華航空,中華航空,China Airlines,15262,TWD,20,2,10,0,,,直飛,,"baggage_carry_on_weight_kg,baggage_checked_pieces,baggage_checked_weight_kg,price,transfer_count",mock-offer-fallback,2026-06-26T10:17:47+00:00
8e308cab2821693b,new_offer,TPE-NRT,TPE,桃園,桃園,TW,🇹🇼,NRT,東京成田,東京成田,JP,🇯🇵,2026-07-04,JX194,JX,星宇航空,星宇航空,STARLUX Airlines,12211,TWD,15,1,7,0,,,直飛,,"baggage_carry_on_weight_kg,baggage_checked_pieces,baggage_checked_weight_kg,price,transfer_count",mock-offer-fallback,2026-06-26T10:17:47+00:00
e33aa1fdcc90d9c8,new_offer,TPE-NRT,TPE,桃園,桃園,TW,🇹🇼,NRT,東京成田,東京成田,JP,🇯🇵,2026-07-04,IT462,IT,台灣虎航,台灣虎航,Tigerair Taiwan,5247,TWD,30,1,7,1,KIX,大阪關西,1 stop(s) 大阪關西,,"baggage_carry_on_weight_kg,baggage_checked_pieces,baggage_checked_weight_kg,price,transfer_count",mock-offer-fallback,2026-06-26T10:17:47+00:00
602b47992b391ccf,new_offer,TPE-NRT,TPE,桃園,桃園,TW,🇹🇼,NRT,東京成田,東京成田,JP,🇯🇵,2026-07-05,JX339,JX,星宇航空,星宇航空,STARLUX Airlines,5311,TWD,0,0,10,0,,,直飛,,"baggage_carry_on_weight_kg,baggage_checked_pieces,baggage_checked_weight_kg,price,transfer_count",mock-offer-fallback,2026-06-26T10:17:47+00:00
55e0d5856e9b0257,new_offer,TPE-NRT,TPE,桃園,桃園,TW,🇹🇼,NRT,東京成田,東京成田,JP,🇯🇵,2026-07-05,BR722,BR,長榮航空,長榮航空,EVA Air,12043,TWD,20,2,7,1,HKG,香港,1 stop(s) 香港,,"baggage_carry_on_weight_kg,baggage_checked_pieces,baggage_checked_weight_kg,price,transfer_count",mock-offer-fallback,2026-06-26T10:17:47+00:00
842a22bf2bd08a31,new_offer,TPE-NRT,TPE,桃園,桃園,TW,🇹🇼,NRT,東京成田,東京成田,JP,🇯🇵,2026-07-06,BR738,BR,長榮航空,長榮航空,EVA Air,11608,TWD,30,2,7,0,,,直飛,,"baggage_carry_on_weight_kg,baggage_checked_pieces,baggage_checked_weight_kg,price,transfer_count",mock-offer-fallback,2026-06-26T10:17:47+00:00
713ca02f6ba24d25,new_offer,TPE-NRT,TPE,桃園,桃園,TW,🇹🇼,NRT,東京成田,東京成田,JP,🇯🇵,2026-07-06,JX887,JX,星宇航空,星宇航空,STARLUX Airlines,4836,TWD,0,0,7,1,BKK,曼谷素萬那普,1 stop(s) 曼谷素萬那普,,"baggage_carry_on_weight_kg,baggage_checked_pieces,baggage_checked_weight_kg,price,transfer_count",mock-offer-fallback,2026-06-26T10:17:47+00:00
d995488df9b15b1c,new_offer,TPE-NRT,TPE,桃園,桃園,TW,🇹🇼,NRT,東京成田,東京成田,JP,🇯🇵,2026-07-07,B7350,B7,立榮航空,立榮航空,UNI AIR,10472,TWD,0,0,10,1,HKG,香港,1 stop(s) 香港,,"baggage_carry_on_weight_kg,baggage_checked_pieces,baggage_checked_weight_kg,price,transfer_count",mock-offer-fallback,2026-06-26T10:17:47+00:00
42bf24374ce9a99d,new_offer,TPE-NRT,TPE,桃園,桃園,TW,🇹🇼,NRT,東京成田,東京成田,JP,🇯🇵,2026-07-07,JX844,JX,星宇航空,星宇航空,STARLUX Airlines,13978,TWD,20,1,7,0,,,直飛,,"baggage_carry_on_weight_kg,baggage_checked_pieces,baggage_checked_weight_kg,price,transfer_count",mock-offer-fallback,2026-06-26T10:17:47+00:00
296a3aa730053456,new_offer,TPE-NRT,TPE,桃園,桃園,TW,🇹🇼,NRT,東京成田,東京成田,JP,🇯🇵,2026-07-08,B7115,B7,立榮航空,立榮航空,UNI AIR,5009,TWD,15,1,10,0,,,直飛,,"baggage_carry_on_weight_kg,baggage_checked_pieces,baggage_checked_weight_kg,price,transfer_count",mock-offer-fallback,2026-06-26T10:17:47+00:00
0a6c00d676ce1692,new_offer,TPE-NRT,TPE,桃園,桃園,TW,🇹🇼,NRT,東京成田,東京成田,JP,🇯🇵,2026-07-08,BR885,BR,長榮航空,長榮航空,EVA Air,11839,TWD,23,1,10,0,,,直飛,,"baggage_carry_on_weight_kg,baggage_checked_pieces,baggage_checked_weight_kg,price,transfer_count",mock-offer-fallback,2026-06-26T10:17:47+00:00
040a4385f05ec47f,new_offer,TPE-NRT,TPE,桃園,桃園,TW,🇹🇼,NRT,東京成田,東京成田,JP,🇯🇵,2026-07-09,JX226,JX,星宇航空,星宇航空,STARLUX Airlines,15080,TWD,0,0,10,0,,,直飛,,"baggage_carry_on_weight_kg,baggage_checked_pieces,baggage_checked_weight_kg,price,transfer_count",mock-offer-fallback,2026-06-26T10:17:47+00:00
4119c35f2d6673fc,new_offer,TPE-NRT,TPE,桃園,桃園,TW,🇹🇼,NRT,東京成田,東京成田,JP,🇯🇵,2026-07-09,BR649,BR,長榮航空,長榮航空,EVA Air,10503,TWD,0,0,10,0,,,直飛,,"baggage_carry_on_weight_kg,baggage_checked_pieces,baggage_checked_weight_kg,price,transfer_count",mock-offer-fallback,2026-06-26T10:17:47+00:00
a5998bedbcfb6f07,new_offer,TPE-NRT,TPE,桃園,桃園,TW,🇹🇼,NRT,東京成田,東京成田,JP,🇯🇵,2026-07-10,AE216,AE,華信航空,華信航空,Mandarin Airlines,13410,TWD,0,0,7,0,,,直飛,,"baggage_carry_on_weight_kg,baggage_checked_pieces,baggage_checked_weight_kg,price,transfer_count",mock-offer-fallback,2026-06-26T10:17:47+00:00
fe72b87ff45df928,new_offer,TPE-NRT,TPE,桃園,桃園,TW,🇹🇼,NRT,東京成田,東京成田,JP,🇯🇵,2026-07-10,AE233,AE,華信航空,華信航空,Mandarin Airlines,8064,TWD,30,2,10,1,SIN,新加坡樟宜,1 stop(s) 新加坡樟宜,,"baggage_carry_on_weight_kg,baggage_checked_pieces,baggage_checked_weight_kg,price,transfer_count",mock-offer-fallback,2026-06-26T10:17:47+00:00
a3c7ccfbe90f829d,new_offer,TPE-NRT,TPE,桃園,桃園,TW,🇹🇼,NRT,東京成田,東京成田,JP,🇯🇵,2026-07-11,BR357,BR,長榮航空,長榮航空,EVA Air,15942,TWD,20,2,7,1,HKG,香港,1 stop(s) 香港,,"baggage_carry_on_weight_kg,baggage_checked_pieces,baggage_checked_weight_kg,price,transfer_count",mock-offer-fallback,2026-06-26T10:17:47+00:00
80512c61d661fbc5,new_offer,TPE-NRT,TPE,桃園,桃園,TW,🇹🇼,NRT,東京成田,東京成田,JP,🇯🇵,2026-07-11,B7336,B7,立榮航空,立榮航空,UNI AIR,11966,TWD,23,1,10,1,KIX,大阪關西,1 stop(s) 大阪關西,,"baggage_carry_on_weight_kg,baggage_checked_pieces,baggage_checked_weight_kg,price,transfer_count",mock-offer-fallback,2026-06-26T10:17:47+00:00
6cd4b58270f9bb15,new_offer,TPE-NRT,TPE,桃園,桃園,TW,🇹🇼,NRT,東京成田,東京成田,JP,🇯🇵,2026-07-12,CI968,CI,中華航空,中華航空,China Airlines,12494,TWD,20,2,7,2,"SIN,BKK",新加坡樟宜 / 曼谷素萬那普,2 stop(s) 新加坡樟宜 / 曼谷素萬那普,,"baggage_carry_on_weight_kg,baggage_checked_pieces,baggage_checked_weight_kg,price,transfer_count",mock-offer-fallback,2026-06-26T10:17:47+00:00
0381934946382b8d,new_offer,TPE-NRT,TPE,桃園,桃園,TW,🇹🇼,NRT,東京成田,東京成田,JP,🇯🇵,2026-07-12,IT303,IT,台灣虎航,台灣虎航,Tigerair Taiwan,5472,TWD,0,0,10,1,BKK,曼谷素萬那普,1 stop(s) 曼谷素萬那普,,"baggage_carry_on_weight_kg,baggage_checked_pieces,baggage_checked_weight_kg,price,transfer_count",mock-offer-fallback,2026-06-26T10:17:47+00:00
fc26208bb3fc965f,new_offer,TPE-NRT,TPE,桃園,桃園,TW,🇹🇼,NRT,東京成田,東京成田,JP,🇯🇵,2026-07-13,IT484,IT,台灣虎航,台灣虎航,Tigerair Taiwan,15607,TWD,30,2,10,0,,,直飛,,"baggage_carry_on_weight_kg,baggage_checked_pieces,baggage_checked_weight_kg,price,transfer_count",mock-offer-fallback,2026-06-26T10:17:47+00:00
201901fcfba1438a,new_offer,TPE-NRT,TPE,桃園,桃園,TW,🇹🇼,NRT,東京成田,東京成田,JP,🇯🇵,2026-07-13,CI713,CI,中華航空,中華航空,China Airlines,13971,TWD,0,0,10,1,KIX,大阪關西,1 stop(s) 大阪關西,,"baggage_carry_on_weight_kg,baggage_checked_pieces,baggage_checked_weight_kg,price,transfer_count",mock-offer-fallback,2026-06-26T10:17:47+00:00
c63efa6f5d96899f,new_offer,TPE-NRT,TPE,桃園,桃園,TW,🇹🇼,NRT,東京成田,東京成田,JP,🇯🇵,2026-07-14,BR463,BR,長榮航空,長榮航空,EVA Air,4373,TWD,15,1,7,0,,,直飛,,"baggage_carry_on_weight_kg,baggage_checked_pieces,baggage_checked_weight_kg,price,transfer_count",mock-offer-fallback,2026-06-26T10:17:47+00:00
1add0f89b0e8d8a9,new_offer,TPE-NRT,TPE,桃園,桃園,TW,🇹🇼,NRT,東京成田,東京成田,JP,🇯🇵,2026-07-14,CI775,CI,中華航空,中華航空,China Airlines,12684,TWD,20,1,7,1,HKG,香港,1 stop(s) 香港,,"baggage_carry_on_weight_kg,baggage_checked_pieces,baggage_checked_weight_kg,price,transfer_count",mock-offer-fallback,2026-06-26T10:17:47+00:00
8cb8d31a5d839b05,new_offer,TPE-NRT,TPE,桃園,桃園,TW,🇹🇼,NRT,東京成田,東京成田,JP,🇯🇵,2026-07-15,AE414,AE,華信航空,華信航空,Mandarin Airlines,8103,TWD,23,1,10,1,HKG,香港,1 stop(s) 香港,,"baggage_carry_on_weight_kg,baggage_checked_pieces,baggage_checked_weight_kg,price,transfer_count",mock-offer-fallback,2026-06-26T10:17:47+00:00
fb8f357667495f90,new_offer,TPE-NRT,TPE,桃園,桃園,TW,🇹🇼,NRT,東京成田,東京成田,JP,🇯🇵,2026-07-15,CI804,CI,中華航空,中華航空,China Airlines,11095,TWD,20,2,7,0,,,直飛,,"baggage_carry_on_weight_kg,baggage_checked_pieces,baggage_checked_weight_kg,price,transfer_count",mock-offer-fallback,2026-06-26T10:17:47+00:00
237dd5c691957e94,new_offer,TPE-NRT,TPE,桃園,桃園,TW,🇹🇼,NRT,東京成田,東京成田,JP,🇯🇵,2026-07-16,BR726,BR,長榮航空,長榮航空,EVA Air,4858,TWD,15,2,7,0,,,直飛,,"baggage_carry_on_weight_kg,baggage_checked_pieces,baggage_checked_weight_kg,price,transfer_count",mock-offer-fallback,2026-06-26T10:17:47+00:00
b25aab17d163c5cd,new_offer,TPE-NRT,TPE,桃園,桃園,TW,🇹🇼,NRT,東京成田,東京成田,JP,🇯🇵,2026-07-16,AE231,AE,華信航空,華信航空,Mandarin Airlines,6643,TWD,23,1,7,2,"HKG,BKK",香港 / 曼谷素萬那普,2 stop(s) 香港 / 曼谷素萬那普,,"baggage_carry_on_weight_kg,baggage_checked_pieces,baggage_checked_weight_kg,price,transfer_count",mock-offer-fallback,2026-06-26T10:17:47+00:00
cb6e7d8690a0e2ff,new_offer,TPE-NRT,TPE,桃園,桃園,TW,🇹🇼,NRT,東京成田,東京成田,JP,🇯🇵,2026-07-17,B7514,B7,立榮航空,立榮航空,UNI AIR,6419,TWD,0,0,7,1,BKK,曼谷素萬那普,1 stop(s) 曼谷素萬那普,,"baggage_carry_on_weight_kg,baggage_checked_pieces,baggage_checked_weight_kg,price,transfer_count",mock-offer-fallback,2026-06-26T10:17:47+00:00
4384550fc9aaf8fd,new_offer,TPE-NRT,TPE,桃園,桃園,TW,🇹🇼,NRT,東京成田,東京成田,JP,🇯🇵,2026-07-17,CI595,CI,中華航空,中華航空,China Airlines,14778,TWD,15,2,10,0,,,直飛,,"baggage_carry_on_weight_kg,baggage_checked_pieces,baggage_checked_weight_kg,price,transfer_count",mock-offer-fallback,2026-06-26T10:17:47+00:00
683facbbbf8dc1f5,new_offer,TPE-NRT,TPE,桃園,桃園,TW,🇹🇼,NRT,東京成田,東京成田,JP,🇯🇵,2026-07-18,CI914,CI,中華航空,中華航空,China Airlines,14119,TWD,20,1,7,1,HKG,香港,1 stop(s) 香港,,"baggage_carry_on_weight_kg,baggage_checked_pieces,baggage_checked_weight_kg,price,transfer_count",mock-offer-fallback,2026-06-26T10:17:47+00:00
f26a7dcdb2dc547b,new_offer,TPE-NRT,TPE,桃園,桃園,TW,🇹🇼,NRT,東京成田,東京成田,JP,🇯🇵,2026-07-18,B7447,B7,立榮航空,立榮航空,UNI AIR,5900,TWD,0,0,10,1,SIN,新加坡樟宜,1 stop(s) 新加坡樟宜,,"baggage_carry_on_weight_kg,baggage_checked_pieces,baggage_checked_weight_kg,price,transfer_count",mock-offer-fallback,2026-06-26T10:17:47+00:00
3ce85471ab7e39ce,new_offer,TPE-NRT,TPE,桃園,桃園,TW,🇹🇼,NRT,東京成田,東京成田,JP,🇯🇵,2026-07-19,B7537,B7,立榮航空,立榮航空,UNI AIR,11708,TWD,20,2,10,0,,,直飛,,"baggage_carry_on_weight_kg,baggage_checked_pieces,baggage_checked_weight_kg,price,transfer_count",mock-offer-fallback,2026-06-26T10:17:47+00:00
f0c129ce76bcc43c,new_offer,TPE-NRT,TPE,桃園,桃園,TW,🇹🇼,NRT,東京成田,東京成田,JP,🇯🇵,2026-07-19,CI224,CI,中華航空,中華航空,China Airlines,4930,TWD,23,1,7,1,ICN,首爾仁川,1 stop(s) 首爾仁川,,"baggage_carry_on_weight_kg,baggage_checked_pieces,baggage_checked_weight_kg,price,transfer_count",mock-offer-fallback,2026-06-26T10:17:47+00:00
50c9af38587af6b7,new_offer,TPE-NRT,TPE,桃園,桃園,TW,🇹🇼,NRT,東京成田,東京成田,JP,🇯🇵,2026-07-20,BR791,BR,長榮航空,長榮航空,EVA Air,4295,TWD,23,2,7,0,,,直飛,,"baggage_carry_on_weight_kg,baggage_checked_pieces,baggage_checked_weight_kg,price,transfer_count",mock-offer-fallback,2026-06-26T10:17:47+00:00
7a7f14cd1791af0f,new_offer,TPE-NRT,TPE,桃園,桃園,TW,🇹🇼,NRT,東京成田,東京成田,JP,🇯🇵,2026-07-20,AE500,AE,華信航空,華信航空,Mandarin Airlines,11544,TWD,30,2,10,2,"HKG,KIX",香港 / 大阪關西,2 stop(s) 香港 / 大阪關西,,"baggage_carry_on_weight_kg,baggage_checked_pieces,baggage_checked_weight_kg,price,transfer_count",mock-offer-fallback,2026-06-26T10:17:47+00:00
c3b7955a6f76a909,new_offer,TPE-NRT,TPE,桃園,桃園,TW,🇹🇼,NRT,東京成田,東京成田,JP,🇯🇵,2026-07-21,AE392,AE,華信航空,華信航空,Mandarin Airlines,13586,TWD,23,1,7,0,,,直飛,,"baggage_carry_on_weight_kg,baggage_checked_pieces,baggage_checked_weight_kg,price,transfer_count",mock-offer-fallback,2026-06-26T10:17:47+00:00
4db591062370602d,new_offer,TPE-NRT,TPE,桃園,桃園,TW,🇹🇼,NRT,東京成田,東京成田,JP,🇯🇵,2026-07-21,B7279,B7,立榮航空,立榮航空,UNI AIR,9716,TWD,30,1,10,1,KIX,大阪關西,1 stop(s) 大阪關西,,"baggage_carry_on_weight_kg,baggage_checked_pieces,baggage_checked_weight_kg,price,transfer_count",mock-offer-fallback,2026-06-26T10:17:47+00:00
9064858e0323cc64,new_offer,TPE-NRT,TPE,桃園,桃園,TW,🇹🇼,NRT,東京成田,東京成田,JP,🇯🇵,2026-07-22,BR243,BR,長榮航空,長榮航空,EVA Air,7410,TWD,15,2,7,0,,,直飛,,"baggage_carry_on_weight_kg,baggage_checked_pieces,baggage_checked_weight_kg,price,transfer_count",mock-offer-fallback,2026-06-26T10:17:47+00:00
a3fb6f0d701a6def,new_offer,TPE-NRT,TPE,桃園,桃園,TW,🇹🇼,NRT,東京成田,東京成田,JP,🇯🇵,2026-07-22,JX777,JX,星宇航空,星宇航空,STARLUX Airlines,15163,TWD,0,0,7,2,"SIN,HKG",新加坡樟宜 / 香港,2 stop(s) 新加坡樟宜 / 香港,,"baggage_carry_on_weight_kg,baggage_checked_pieces,baggage_checked_weight_kg,price,transfer_count",mock-offer-fallback,2026-06-26T10:17:47+00:00
00b6b87224fb879d,new_offer,TPE-NRT,TPE,桃園,桃園,TW,🇹🇼,NRT,東京成田,東京成田,JP,🇯🇵,2026-07-23,B7107,B7,立榮航空,立榮航空,UNI AIR,9776,TWD,23,2,7,1,HKG,香港,1 stop(s) 香港,,"baggage_carry_on_weight_kg,baggage_checked_pieces,baggage_checked_weight_kg,price,transfer_count",mock-offer-fallback,2026-06-26T10:17:47+00:00
7fc93d236ddc7bed,new_offer,TPE-NRT,TPE,桃園,桃園,TW,🇹🇼,NRT,東京成田,東京成田,JP,🇯🇵,2026-07-23,B7538,B7,立榮航空,立榮航空,UNI AIR,4785,TWD,20,1,10,0,,,直飛,,"baggage_carry_on_weight_kg,baggage_checked_pieces,baggage_checked_weight_kg,price,transfer_count",mock-offer-fallback,2026-06-26T10:17:47+00:00
20db74c17251ea47,new_offer,TPE-NRT,TPE,桃園,桃園,TW,🇹🇼,NRT,東京成田,東京成田,JP,🇯🇵,2026-07-24,BR318,BR,長榮航空,長榮航空,EVA Air,13476,TWD,30,1,7,0,,,直飛,,"baggage_carry_on_weight_kg,baggage_checked_pieces,baggage_checked_weight_kg,price,transfer_count",mock-offer-fallback,2026-06-26T10:17:47+00:00
8b2aa7bf82ba35b5,new_offer,TPE-NRT,TPE,桃園,桃園,TW,🇹🇼,NRT,東京成田,東京成田,JP,🇯🇵,2026-07-24,BR760,BR,長榮航空,長榮航空,EVA Air,9875,TWD,0,0,10,1,KIX,大阪關西,1 stop(s) 大阪關西,,"baggage_carry_on_weight_kg,baggage_checked_pieces,baggage_checked_weight_kg,price,transfer_count",mock-offer-fallback,2026-06-26T10:17:47+00:00
683bbbc322a7fae6,new_offer,TPE-NRT,TPE,桃園,桃園,TW,🇹🇼,NRT,東京成田,東京成田,JP,🇯🇵,2026-07-25,CI458,CI,中華航空,中華航空,China Airlines,4706,TWD,30,1,10,1,HKG,香港,1 stop(s) 香港,,"baggage_carry_on_weight_kg,baggage_checked_pieces,baggage_checked_weight_kg,price,transfer_count",mock-offer-fallback,2026-06-26T10:17:47+00:00
530cd3e255ed7633,new_offer,TPE-NRT,TPE,桃園,桃園,TW,🇹🇼,NRT,東京成田,東京成田,JP,🇯🇵,2026-07-25,B7396,B7,立榮航空,立榮航空,UNI AIR,11249,TWD,23,1,7,1,KIX,大阪關西,1 stop(s) 大阪關西,,"baggage_carry_on_weight_kg,baggage_checked_pieces,baggage_checked_weight_kg,price,transfer_count",mock-offer-fallback,2026-06-26T10:17:47+00:00
89dc9cc9decc7bf2,new_offer,TPE-NRT,TPE,桃園,桃園,TW,🇹🇼,NRT,東京成田,東京成田,JP,🇯🇵,2026-07-26,BR750,BR,長榮航空,長榮航空,EVA Air,13082,TWD,30,2,7,1,KIX,大阪關西,1 stop(s) 大阪關西,,"baggage_carry_on_weight_kg,baggage_checked_pieces,baggage_checked_weight_kg,price,transfer_count",mock-offer-fallback,2026-06-26T10:17:47+00:00
1d3c58d9a31cc6e6,new_offer,TPE-NRT,TPE,桃園,桃園,TW,🇹🇼,NRT,東京成田,東京成田,JP,🇯🇵,2026-07-26,B7467,B7,立榮航空,立榮航空,UNI AIR,7883,TWD,20,2,10,0,,,直飛,,"baggage_carry_on_weight_kg,baggage_checked_pieces,baggage_checked_weight_kg,price,transfer_count",mock-offer-fallback,2026-06-26T10:17:47+00:00
5ebd4c07190a22d1,new_offer,TPE-ICN,TPE,桃園,桃園,TW,🇹🇼,ICN,首爾仁川,首爾仁川,KR,🇰🇷,2026-06-26,AE804,AE,華信航空,華信航空,Mandarin Airlines,7727,TWD,23,2,10,2,"HKG,KIX",香港 / 大阪關西,2 stop(s) 香港 / 大阪關西,,"baggage_carry_on_weight_kg,baggage_checked_pieces,baggage_checked_weight_kg,price,transfer_count",mock-offer-fallback,2026-06-26T10:17:47+00:00
16179d3635783bfa,new_offer,TPE-ICN,TPE,桃園,桃園,TW,🇹🇼,ICN,首爾仁川,首爾仁川,KR,🇰🇷,2026-06-26,B7209,B7,立榮航空,立榮航空,UNI AIR,11802,TWD,30,2,7,1,HKG,香港,1 stop(s) 香港,,"baggage_carry_on_weight_kg,baggage_checked_pieces,baggage_checked_weight_kg,price,transfer_count",mock-offer-fallback,2026-06-26T10:17:47+00:00
1e2bdfa9ac7d76e4,new_offer,TPE-ICN,TPE,桃園,桃園,TW,🇹🇼,ICN,首爾仁川,首爾仁川,KR,🇰🇷,2026-06-27,BR454,BR,長榮航空,長榮航空,EVA Air,4464,TWD,20,1,7,1,SIN,新加坡樟宜,1 stop(s) 新加坡樟宜,,"baggage_carry_on_weight_kg,baggage_checked_pieces,baggage_checked_weight_kg,price,transfer_count",mock-offer-fallback,2026-06-26T10:17:47+00:00
1429c8f6c049ed07,new_offer,TPE-ICN,TPE,桃園,桃園,TW,🇹🇼,ICN,首爾仁川,首爾仁川,KR,🇰🇷,2026-06-27,CI903,CI,中華航空,中華航空,China Airlines,12664,TWD,0,0,10,1,KIX,大阪關西,1 stop(s) 大阪關西,,"baggage_carry_on_weight_kg,baggage_checked_pieces,baggage_checked_weight_kg,price,transfer_count",mock-offer-fallback,2026-06-26T10:17:47+00:00
bc45d816e3230cda,new_offer,TPE-ICN,TPE,桃園,桃園,TW,🇹🇼,ICN,首爾仁川,首爾仁川,KR,🇰🇷,2026-06-28,CI356,CI,中華航空,中華航空,China Airlines,10773,TWD,0,0,7,2,"KIX,BKK",大阪關西 / 曼谷素萬那普,2 stop(s) 大阪關西 / 曼谷素萬那普,,"baggage_carry_on_weight_kg,baggage_checked_pieces,baggage_checked_weight_kg,price,transfer_count",mock-offer-fallback,2026-06-26T10:17:47+00:00
08c5df21894a58b2,new_offer,TPE-ICN,TPE,桃園,桃園,TW,🇹🇼,ICN,首爾仁川,首爾仁川,KR,🇰🇷,2026-06-28,IT918,IT,台灣虎航,台灣虎航,Tigerair Taiwan,4207,TWD,0,0,7,2,"HKG,SIN",香港 / 新加坡樟宜,2 stop(s) 香港 / 新加坡樟宜,,"baggage_carry_on_weight_kg,baggage_checked_pieces,baggage_checked_weight_kg,price,transfer_count",mock-offer-fallback,2026-06-26T10:17:47+00:00
7ef8db700ffb2c89,new_offer,TPE-ICN,TPE,桃園,桃園,TW,🇹🇼,ICN,首爾仁川,首爾仁川,KR,🇰🇷,2026-06-29,B7245,B7,立榮航空,立榮航空,UNI AIR,12090,TWD,20,1,10,0,,,直飛,,"baggage_carry_on_weight_kg,baggage_checked_pieces,baggage_checked_weight_kg,price,transfer_count",mock-offer-fallback,2026-06-26T10:17:47+00:00
edbaf7a1150ece25,new_offer,TPE-ICN,TPE,桃園,桃園,TW,🇹🇼,ICN,首爾仁川,首爾仁川,KR,🇰🇷,2026-06-29,IT933,IT,台灣虎航,台灣虎航,Tigerair Taiwan,9687,TWD,0,0,10,0,,,直飛,,"baggage_carry_on_weight_kg,baggage_checked_pieces,baggage_checked_weight_kg,price,transfer_count",mock-offer-fallback,2026-06-26T10:17:47+00:00
cee6246b315f0109,new_offer,TPE-ICN,TPE,桃園,桃園,TW,🇹🇼,ICN,首爾仁川,首爾仁川,KR,🇰🇷,2026-06-30,AE784,AE,華信航空,華信航空,Mandarin Airlines,10486,TWD,23,1,7,1,HKG,香港,1 stop(s) 香港,,"baggage_carry_on_weight_kg,baggage_checked_pieces,baggage_checked_weight_kg,price,transfer_count",mock-offer-fallback,2026-06-26T10:17:47+00:00
44712389525ec358,new_offer,TPE-ICN,TPE,桃園,桃園,TW,🇹🇼,ICN,首爾仁川,首爾仁川,KR,🇰🇷,2026-06-30,JX763,JX,星宇航空,星宇航空,STARLUX Airlines,10029,TWD,23,1,7,0,,,直飛,,"baggage_carry_on_weight_kg,baggage_checked_pieces,baggage_checked_weight_kg,price,transfer_count",mock-offer-fallback,2026-06-26T10:17:47+00:00
a04fed590aba1629,new_offer,TPE-ICN,TPE,桃園,桃園,TW,🇹🇼,ICN,首爾仁川,首爾仁川,KR,🇰🇷,2026-07-01,AE265,AE,華信航空,華信航空,Mandarin Airlines,9517,TWD,30,2,10,0,,,直飛,,"baggage_carry_on_weight_kg,baggage_checked_pieces,baggage_checked_weight_kg,price,transfer_count",mock-offer-fallback,2026-06-26T10:17:47+00:00
71d2182095330ba1,new_offer,TPE-ICN,TPE,桃園,桃園,TW,🇹🇼,ICN,首爾仁川,首爾仁川,KR,🇰🇷,2026-07-01,AE498,AE,華信航空,華信航空,Mandarin Airlines,6766,TWD,20,1,10,0,,,直飛,,"baggage_carry_on_weight_kg,baggage_checked_pieces,baggage_checked_weight_kg,price,transfer_count",mock-offer-fallback,2026-06-26T10:17:47+00:00
d9d5d27d8af64aca,new_offer,TPE-ICN,TPE,桃園,桃園,TW,🇹🇼,ICN,首爾仁川,首爾仁川,KR,🇰🇷,2026-07-02,JX803,JX,星宇航空,星宇航空,STARLUX Airlines,4412,TWD,15,2,10,0,,,直飛,,"baggage_carry_on_weight_kg,baggage_checked_pieces,baggage_checked_weight_kg,price,transfer_count",mock-offer-fallback,2026-06-26T10:17:47+00:00
86a1b3e1d363e74c,new_offer,TPE-ICN,TPE,桃園,桃園,TW,🇹🇼,ICN,首爾仁川,首爾仁川,KR,🇰🇷,2026-07-02,B7280,B7,立榮航空,立榮航空,UNI AIR,14912,TWD,23,2,10,1,BKK,曼谷素萬那普,1 stop(s) 曼谷素萬那普,,"baggage_carry_on_weight_kg,baggage_checked_pieces,baggage_checked_weight_kg,price,transfer_count",mock-offer-fallback,2026-06-26T10:17:47+00:00
0ea34584d4e6691d,new_offer,TPE-ICN,TPE,桃園,桃園,TW,🇹🇼,ICN,首爾仁川,首爾仁川,KR,🇰🇷,2026-07-03,AE404,AE,華信航空,華信航空,Mandarin Airlines,10823,TWD,23,2,10,1,KIX,大阪關西,1 stop(s) 大阪關西,,"baggage_carry_on_weight_kg,baggage_checked_pieces,baggage_checked_weight_kg,price,transfer_count",mock-offer-fallback,2026-06-26T10:17:47+00:00
d2a36d299ffc2fba,new_offer,TPE-ICN,TPE,桃園,桃園,TW,🇹🇼,ICN,首爾仁川,首爾仁川,KR,🇰🇷,2026-07-03,JX218,JX,星宇航空,星宇航空,STARLUX Airlines,14604,TWD,20,1,7,2,"KIX,HKG",大阪關西 / 香港,2 stop(s) 大阪關西 / 香港,,"baggage_carry_on_weight_kg,baggage_checked_pieces,baggage_checked_weight_kg,price,transfer_count",mock-offer-fallback,2026-06-26T10:17:47+00:00
7bba4c93999e6eb4,new_offer,TPE-ICN,TPE,桃園,桃園,TW,🇹🇼,ICN,首爾仁川,首爾仁川,KR,🇰🇷,2026-07-04,B7490,B7,立榮航空,立榮航空,UNI AIR,10563,TWD,0,0,7,0,,,直飛,,"baggage_carry_on_weight_kg,baggage_checked_pieces,baggage_checked_weight_kg,price,transfer_count",mock-offer-fallback,2026-06-26T10:17:47+00:00
6ff1ff3118ade0af,new_offer,TPE-ICN,TPE,桃園,桃園,TW,🇹🇼,ICN,首爾仁川,首爾仁川,KR,🇰🇷,2026-07-04,BR853,BR,長榮航空,長榮航空,EVA Air,7927,TWD,30,2,10,2,"SIN,KIX",新加坡樟宜 / 大阪關西,2 stop(s) 新加坡樟宜 / 大阪關西,,"baggage_carry_on_weight_kg,baggage_checked_pieces,baggage_checked_weight_kg,price,transfer_count",mock-offer-fallback,2026-06-26T10:17:47+00:00
024560606b38dff8,new_offer,TPE-ICN,TPE,桃園,桃園,TW,🇹🇼,ICN,首爾仁川,首爾仁川,KR,🇰🇷,2026-07-05,IT232,IT,台灣虎航,台灣虎航,Tigerair Taiwan,11311,TWD,0,0,10,0,,,直飛,,"baggage_carry_on_weight_kg,baggage_checked_pieces,baggage_checked_weight_kg,price,transfer_count",mock-offer-fallback,2026-06-26T10:17:47+00:00
4c5c3a5b44a93c71,new_offer,TPE-ICN,TPE,桃園,桃園,TW,🇹🇼,ICN,首爾仁川,首爾仁川,KR,🇰🇷,2026-07-05,BR746,BR,長榮航空,長榮航空,EVA Air,9893,TWD,30,2,7,1,KIX,大阪關西,1 stop(s) 大阪關西,,"baggage_carry_on_weight_kg,baggage_checked_pieces,baggage_checked_weight_kg,price,transfer_count",mock-offer-fallback,2026-06-26T10:17:47+00:00
2c7039e473685998,new_offer,TPE-ICN,TPE,桃園,桃園,TW,🇹🇼,ICN,首爾仁川,首爾仁川,KR,🇰🇷,2026-07-06,JX947,JX,星宇航空,星宇航空,STARLUX Airlines,7385,TWD,0,0,7,1,SIN,新加坡樟宜,1 stop(s) 新加坡樟宜,,"baggage_carry_on_weight_kg,baggage_checked_pieces,baggage_checked_weight_kg,price,transfer_count",mock-offer-fallback,2026-06-26T10:17:47+00:00
0df27c6b36e49cc0,new_offer,TPE-ICN,TPE,桃園,桃園,TW,🇹🇼,ICN,首爾仁川,首爾仁川,KR,🇰🇷,2026-07-06,IT325,IT,台灣虎航,台灣虎航,Tigerair Taiwan,15617,TWD,0,0,10,2,"HKG,NRT",香港 / 東京成田,2 stop(s) 香港 / 東京成田,,"baggage_carry_on_weight_kg,baggage_checked_pieces,baggage_checked_weight_kg,price,transfer_count",mock-offer-fallback,2026-06-26T10:17:47+00:00
cbe3a4eab693c2d6,new_offer,TPE-ICN,TPE,桃園,桃園,TW,🇹🇼,ICN,首爾仁川,首爾仁川,KR,🇰🇷,2026-07-07,AE168,AE,華信航空,華信航空,Mandarin Airlines,9224,TWD,23,2,7,0,,,直飛,,"baggage_carry_on_weight_kg,baggage_checked_pieces,baggage_checked_weight_kg,price,transfer_count",mock-offer-fallback,2026-06-26T10:17:47+00:00
6b82e4cb0c5bfb73,new_offer,TPE-ICN,TPE,桃園,桃園,TW,🇹🇼,ICN,首爾仁川,首爾仁川,KR,🇰🇷,2026-07-07,B7930,B7,立榮航空,立榮航空,UNI AIR,9546,TWD,0,0,7,2,"BKK,NRT",曼谷素萬那普 / 東京成田,2 stop(s) 曼谷素萬那普 / 東京成田,,"baggage_carry_on_weight_kg,baggage_checked_pieces,baggage_checked_weight_kg,price,transfer_count",mock-offer-fallback,2026-06-26T10:17:47+00:00
b7020ddd095b7180,new_offer,TPE-ICN,TPE,桃園,桃園,TW,🇹🇼,ICN,首爾仁川,首爾仁川,KR,🇰🇷,2026-07-08,AE831,AE,華信航空,華信航空,Mandarin Airlines,14089,TWD,23,1,7,0,,,直飛,,"baggage_carry_on_weight_kg,baggage_checked_pieces,baggage_checked_weight_kg,price,transfer_count",mock-offer-fallback,2026-06-26T10:17:47+00:00
c1f73d3e4722bb91,new_offer,TPE-ICN,TPE,桃園,桃園,TW,🇹🇼,ICN,首爾仁川,首爾仁川,KR,🇰🇷,2026-07-08,BR144,BR,長榮航空,長榮航空,EVA Air,12635,TWD,20,2,7,2,"NRT,HKG",東京成田 / 香港,2 stop(s) 東京成田 / 香港,,"baggage_carry_on_weight_kg,baggage_checked_pieces,baggage_checked_weight_kg,price,transfer_count",mock-offer-fallback,2026-06-26T10:17:47+00:00
41845ecb955057dd,new_offer,TPE-ICN,TPE,桃園,桃園,TW,🇹🇼,ICN,首爾仁川,首爾仁川,KR,🇰🇷,2026-07-09,B7919,B7,立榮航空,立榮航空,UNI AIR,13516,TWD,0,0,7,0,,,直飛,,"baggage_carry_on_weight_kg,baggage_checked_pieces,baggage_checked_weight_kg,price,transfer_count",mock-offer-fallback,2026-06-26T10:17:47+00:00
6343e3941302e9b2,new_offer,TPE-ICN,TPE,桃園,桃園,TW,🇹🇼,ICN,首爾仁川,首爾仁川,KR,🇰🇷,2026-07-09,AE850,AE,華信航空,華信航空,Mandarin Airlines,11270,TWD,15,1,10,1,SIN,新加坡樟宜,1 stop(s) 新加坡樟宜,,"baggage_carry_on_weight_kg,baggage_checked_pieces,baggage_checked_weight_kg,price,transfer_count",mock-offer-fallback,2026-06-26T10:17:47+00:00
15d4a4bea75167a2,new_offer,TPE-ICN,TPE,桃園,桃園,TW,🇹🇼,ICN,首爾仁川,首爾仁川,KR,🇰🇷,2026-07-10,AE120,AE,華信航空,華信航空,Mandarin Airlines,14798,TWD,23,1,7,1,SIN,新加坡樟宜,1 stop(s) 新加坡樟宜,,"baggage_carry_on_weight_kg,baggage_checked_pieces,baggage_checked_weight_kg,price,transfer_count",mock-offer-fallback,2026-06-26T10:17:47+00:00
28b06900daafccf4,new_offer,TPE-ICN,TPE,桃園,桃園,TW,🇹🇼,ICN,首爾仁川,首爾仁川,KR,🇰🇷,2026-07-10,IT925,IT,台灣虎航,台灣虎航,Tigerair Taiwan,4470,TWD,15,1,10,0,,,直飛,,"baggage_carry_on_weight_kg,baggage_checked_pieces,baggage_checked_weight_kg,price,transfer_count",mock-offer-fallback,2026-06-26T10:17:47+00:00
67a06fe5df495fb7,new_offer,TPE-ICN,TPE,桃園,桃園,TW,🇹🇼,ICN,首爾仁川,首爾仁川,KR,🇰🇷,2026-07-11,JX519,JX,星宇航空,星宇航空,STARLUX Airlines,10882,TWD,15,2,7,1,HKG,香港,1 stop(s) 香港,,"baggage_carry_on_weight_kg,baggage_checked_pieces,baggage_checked_weight_kg,price,transfer_count",mock-offer-fallback,2026-06-26T10:17:47+00:00
29fde27e1b2166ba,new_offer,TPE-ICN,TPE,桃園,桃園,TW,🇹🇼,ICN,首爾仁川,首爾仁川,KR,🇰🇷,2026-07-11,B7174,B7,立榮航空,立榮航空,UNI AIR,15404,TWD,15,2,7,1,SIN,新加坡樟宜,1 stop(s) 新加坡樟宜,,"baggage_carry_on_weight_kg,baggage_checked_pieces,baggage_checked_weight_kg,price,transfer_count",mock-offer-fallback,2026-06-26T10:17:47+00:00
9f29b381d41f2965,new_offer,TPE-ICN,TPE,桃園,桃園,TW,🇹🇼,ICN,首爾仁川,首爾仁川,KR,🇰🇷,2026-07-12,IT723,IT,台灣虎航,台灣虎航,Tigerair Taiwan,10279,TWD,30,1,10,0,,,直飛,,"baggage_carry_on_weight_kg,baggage_checked_pieces,baggage_checked_weight_kg,price,transfer_count",mock-offer-fallback,2026-06-26T10:17:47+00:00
6d1eb74d9b01863a,new_offer,TPE-ICN,TPE,桃園,桃園,TW,🇹🇼,ICN,首爾仁川,首爾仁川,KR,🇰🇷,2026-07-12,AE386,AE,華信航空,華信航空,Mandarin Airlines,8382,TWD,15,2,7,0,,,直飛,,"baggage_carry_on_weight_kg,baggage_checked_pieces,baggage_checked_weight_kg,price,transfer_count",mock-offer-fallback,2026-06-26T10:17:47+00:00
6e4967c54262db02,new_offer,TPE-ICN,TPE,桃園,桃園,TW,🇹🇼,ICN,首爾仁川,首爾仁川,KR,🇰🇷,2026-07-13,B7856,B7,立榮航空,立榮航空,UNI AIR,7388,TWD,15,1,7,2,"HKG,BKK",香港 / 曼谷素萬那普,2 stop(s) 香港 / 曼谷素萬那普,,"baggage_carry_on_weight_kg,baggage_checked_pieces,baggage_checked_weight_kg,price,transfer_count",mock-offer-fallback,2026-06-26T10:17:47+00:00
43fc8f362f5e8675,new_offer,TPE-ICN,TPE,桃園,桃園,TW,🇹🇼,ICN,首爾仁川,首爾仁川,KR,🇰🇷,2026-07-13,CI627,CI,中華航空,中華航空,China Airlines,6024,TWD,0,0,10,1,KIX,大阪關西,1 stop(s) 大阪關西,,"baggage_carry_on_weight_kg,baggage_checked_pieces,baggage_checked_weight_kg,price,transfer_count",mock-offer-fallback,2026-06-26T10:17:47+00:00
132e407122d8452f,new_offer,TPE-ICN,TPE,桃園,桃園,TW,🇹🇼,ICN,首爾仁川,首爾仁川,KR,🇰🇷,2026-07-14,AE171,AE,華信航空,華信航空,Mandarin Airlines,15451,TWD,23,2,7,1,KIX,大阪關西,1 stop(s) 大阪關西,,"baggage_carry_on_weight_kg,baggage_checked_pieces,baggage_checked_weight_kg,price,transfer_count",mock-offer-fallback,2026-06-26T10:17:47+00:00
4450b75a974fdd90,new_offer,TPE-ICN,TPE,桃園,桃園,TW,🇹🇼,ICN,首爾仁川,首爾仁川,KR,🇰🇷,2026-07-14,BR972,BR,長榮航空,長榮航空,EVA Air,9648,TWD,15,2,7,2,"HKG,KIX",香港 / 大阪關西,2 stop(s) 香港 / 大阪關西,,"baggage_carry_on_weight_kg,baggage_checked_pieces,baggage_checked_weight_kg,price,transfer_count",mock-offer-fallback,2026-06-26T10:17:47+00:00
62bf040a24882615,new_offer,TPE-ICN,TPE,桃園,桃園,TW,🇹🇼,ICN,首爾仁川,首爾仁川,KR,🇰🇷,2026-07-15,AE175,AE,華信航空,華信航空,Mandarin Airlines,5876,TWD,23,2,10,0,,,直飛,,"baggage_carry_on_weight_kg,baggage_checked_pieces,baggage_checked_weight_kg,price,transfer_count",mock-offer-fallback,2026-06-26T10:17:47+00:00
358b6464efa776a1,new_offer,TPE-ICN,TPE,桃園,桃園,TW,🇹🇼,ICN,首爾仁川,首爾仁川,KR,🇰🇷,2026-07-15,CI267,CI,中華航空,中華航空,China Airlines,10651,TWD,20,2,7,2,"SIN,NRT",新加坡樟宜 / 東京成田,2 stop(s) 新加坡樟宜 / 東京成田,,"baggage_carry_on_weight_kg,baggage_checked_pieces,baggage_checked_weight_kg,price,transfer_count",mock-offer-fallback,2026-06-26T10:17:47+00:00
1b1f188a1951e8fe,new_offer,TPE-ICN,TPE,桃園,桃園,TW,🇹🇼,ICN,首爾仁川,首爾仁川,KR,🇰🇷,2026-07-16,BR279,BR,長榮航空,長榮航空,EVA Air,6511,TWD,30,1,10,1,SIN,新加坡樟宜,1 stop(s) 新加坡樟宜,,"baggage_carry_on_weight_kg,baggage_checked_pieces,baggage_checked_weight_kg,price,transfer_count",mock-offer-fallback,2026-06-26T10:17:47+00:00
cdfe557b3848358c,new_offer,TPE-ICN,TPE,桃園,桃園,TW,🇹🇼,ICN,首爾仁川,首爾仁川,KR,🇰🇷,2026-07-16,IT999,IT,台灣虎航,台灣虎航,Tigerair Taiwan,10026,TWD,30,1,7,1,SIN,新加坡樟宜,1 stop(s) 新加坡樟宜,,"baggage_carry_on_weight_kg,baggage_checked_pieces,baggage_checked_weight_kg,price,transfer_count",mock-offer-fallback,2026-06-26T10:17:47+00:00
4482cbf99e51c732,new_offer,TPE-ICN,TPE,桃園,桃園,TW,🇹🇼,ICN,首爾仁川,首爾仁川,KR,🇰🇷,2026-07-17,AE702,AE,華信航空,華信航空,Mandarin Airlines,13772,TWD,15,1,7,1,KIX,大阪關西,1 stop(s) 大阪關西,,"baggage_carry_on_weight_kg,baggage_checked_pieces,baggage_checked_weight_kg,price,transfer_count",mock-offer-fallback,2026-06-26T10:17:47+00:00
d05a0b4be5e71723,new_offer,TPE-ICN,TPE,桃園,桃園,TW,🇹🇼,ICN,首爾仁川,首爾仁川,KR,🇰🇷,2026-07-17,AE955,AE,華信航空,華信航空,Mandarin Airlines,5322,TWD,30,2,10,1,KIX,大阪關西,1 stop(s) 大阪關西,,"baggage_carry_on_weight_kg,baggage_checked_pieces,baggage_checked_weight_kg,price,transfer_count",mock-offer-fallback,2026-06-26T10:17:47+00:00
b3b2e514882aa4b8,new_offer,TPE-ICN,TPE,桃園,桃園,TW,🇹🇼,ICN,首爾仁川,首爾仁川,KR,🇰🇷,2026-07-18,JX380,JX,星宇航空,星宇航空,STARLUX Airlines,12401,TWD,15,2,10,1,KIX,大阪關西,1 stop(s) 大阪關西,,"baggage_carry_on_weight_kg,baggage_checked_pieces,baggage_checked_weight_kg,price,transfer_count",mock-offer-fallback,2026-06-26T10:17:47+00:00
e71419f69eaeb152,new_offer,TPE-ICN,TPE,桃園,桃園,TW,🇹🇼,ICN,首爾仁川,首爾仁川,KR,🇰🇷,2026-07-18,JX971,JX,星宇航空,星宇航空,STARLUX Airlines,14017,TWD,20,2,7,0,,,直飛,,"baggage_carry_on_weight_kg,baggage_checked_pieces,baggage_checked_weight_kg,price,transfer_count",mock-offer-fallback,2026-06-26T10:17:47+00:00
c6534a7363792c62,new_offer,TPE-ICN,TPE,桃園,桃園,TW,🇹🇼,ICN,首爾仁川,首爾仁川,KR,🇰🇷,2026-07-19,BR856,BR,長榮航空,長榮航空,EVA Air,4843,TWD,20,1,10,0,,,直飛,,"baggage_carry_on_weight_kg,baggage_checked_pieces,baggage_checked_weight_kg,price,transfer_count",mock-offer-fallback,2026-06-26T10:17:47+00:00
f6c6f25ee2dd64ee,new_offer,TPE-ICN,TPE,桃園,桃園,TW,🇹🇼,ICN,首爾仁川,首爾仁川,KR,🇰🇷,2026-07-19,BR505,BR,長榮航空,長榮航空,EVA Air,15586,TWD,23,1,7,1,BKK,曼谷素萬那普,1 stop(s) 曼谷素萬那普,,"baggage_carry_on_weight_kg,baggage_checked_pieces,baggage_checked_weight_kg,price,transfer_count",mock-offer-fallback,2026-06-26T10:17:47+00:00
2a8d5e7d5608d2ef,new_offer,TPE-ICN,TPE,桃園,桃園,TW,🇹🇼,ICN,首爾仁川,首爾仁川,KR,🇰🇷,2026-07-20,AE174,AE,華信航空,華信航空,Mandarin Airlines,10897,TWD,15,2,10,1,SIN,新加坡樟宜,1 stop(s) 新加坡樟宜,,"baggage_carry_on_weight_kg,baggage_checked_pieces,baggage_checked_weight_kg,price,transfer_count",mock-offer-fallback,2026-06-26T10:17:47+00:00
69150c6a18bf9885,new_offer,TPE-ICN,TPE,桃園,桃園,TW,🇹🇼,ICN,首爾仁川,首爾仁川,KR,🇰🇷,2026-07-20,JX761,JX,星宇航空,星宇航空,STARLUX Airlines,8469,TWD,23,1,10,0,,,直飛,,"baggage_carry_on_weight_kg,baggage_checked_pieces,baggage_checked_weight_kg,price,transfer_count",mock-offer-fallback,2026-06-26T10:17:47+00:00
26dc54473160629a,new_offer,TPE-ICN,TPE,桃園,桃園,TW,🇹🇼,ICN,首爾仁川,首爾仁川,KR,🇰🇷,2026-07-21,IT904,IT,台灣虎航,台灣虎航,Tigerair Taiwan,11386,TWD,20,1,7,1,NRT,東京成田,1 stop(s) 東京成田,,"baggage_carry_on_weight_kg,baggage_checked_pieces,baggage_checked_weight_kg,price,transfer_count",mock-offer-fallback,2026-06-26T10:17:47+00:00
b0189406b0c8d044,new_offer,TPE-ICN,TPE,桃園,桃園,TW,🇹🇼,ICN,首爾仁川,首爾仁川,KR,🇰🇷,2026-07-21,IT518,IT,台灣虎航,台灣虎航,Tigerair Taiwan,12811,TWD,23,2,10,1,NRT,東京成田,1 stop(s) 東京成田,,"baggage_carry_on_weight_kg,baggage_checked_pieces,baggage_checked_weight_kg,price,transfer_count",mock-offer-fallback,2026-06-26T10:17:47+00:00
2a90981894d85c54,new_offer,TPE-ICN,TPE,桃園,桃園,TW,🇹🇼,ICN,首爾仁川,首爾仁川,KR,🇰🇷,2026-07-22,JX756,JX,星宇航空,星宇航空,STARLUX Airlines,10570,TWD,20,2,10,1,HKG,香港,1 stop(s) 香港,,"baggage_carry_on_weight_kg,baggage_checked_pieces,baggage_checked_weight_kg,price,transfer_count",mock-offer-fallback,2026-06-26T10:17:47+00:00
6c931fd9dacf9d9d,new_offer,TPE-ICN,TPE,桃園,桃園,TW,🇹🇼,ICN,首爾仁川,首爾仁川,KR,🇰🇷,2026-07-22,CI403,CI,中華航空,中華航空,China Airlines,8720,TWD,20,1,7,1,SIN,新加坡樟宜,1 stop(s) 新加坡樟宜,,"baggage_carry_on_weight_kg,baggage_checked_pieces,baggage_checked_weight_kg,price,transfer_count",mock-offer-fallback,2026-06-26T10:17:47+00:00
b7863ec1e5912c5b,new_offer,TPE-ICN,TPE,桃園,桃園,TW,🇹🇼,ICN,首爾仁川,首爾仁川,KR,🇰🇷,2026-07-23,AE946,AE,華信航空,華信航空,Mandarin Airlines,7104,TWD,30,1,10,1,KIX,大阪關西,1 stop(s) 大阪關西,,"baggage_carry_on_weight_kg,baggage_checked_pieces,baggage_checked_weight_kg,price,transfer_count",mock-offer-fallback,2026-06-26T10:17:47+00:00
f451da29c6b4b5d7,new_offer,TPE-ICN,TPE,桃園,桃園,TW,🇹🇼,ICN,首爾仁川,首爾仁川,KR,🇰🇷,2026-07-23,CI732,CI,中華航空,中華航空,China Airlines,12219,TWD,0,0,7,0,,,直飛,,"baggage_carry_on_weight_kg,baggage_checked_pieces,baggage_checked_weight_kg,price,transfer_count",mock-offer-fallback,2026-06-26T10:17:47+00:00
bb1eea3d15dcf6bd,new_offer,TPE-ICN,TPE,桃園,桃園,TW,🇹🇼,ICN,首爾仁川,首爾仁川,KR,🇰🇷,2026-07-24,JX340,JX,星宇航空,星宇航空,STARLUX Airlines,13192,TWD,23,2,10,1,KIX,大阪關西,1 stop(s) 大阪關西,,"baggage_carry_on_weight_kg,baggage_checked_pieces,baggage_checked_weight_kg,price,transfer_count",mock-offer-fallback,2026-06-26T10:17:47+00:00
ef315136deccc9e0,new_offer,TPE-ICN,TPE,桃園,桃園,TW,🇹🇼,ICN,首爾仁川,首爾仁川,KR,🇰🇷,2026-07-24,JX176,JX,星宇航空,星宇航空,STARLUX Airlines,15674,TWD,30,1,10,1,KIX,大阪關西,1 stop(s) 大阪關西,,"baggage_carry_on_weight_kg,baggage_checked_pieces,baggage_checked_weight_kg,price,transfer_count",mock-offer-fallback,2026-06-26T10:17:47+00:00
eeba0d6b66ca5e5f,new_offer,TPE-ICN,TPE,桃園,桃園,TW,🇹🇼,ICN,首爾仁川,首爾仁川,KR,🇰🇷,2026-07-25,BR869,BR,長榮航空,長榮航空,EVA Air,4385,TWD,23,2,7,1,KIX,大阪關西,1 stop(s) 大阪關西,,"baggage_carry_on_weight_kg,baggage_checked_pieces,baggage_checked_weight_kg,price,transfer_count",mock-offer-fallback,2026-06-26T10:17:47+00:00
e4a803ce258ecccd,new_offer,TPE-ICN,TPE,桃園,桃園,TW,🇹🇼,ICN,首爾仁川,首爾仁川,KR,🇰🇷,2026-07-25,IT818,IT,台灣虎航,台灣虎航,Tigerair Taiwan,9746,TWD,23,2,10,2,"SIN,KIX",新加坡樟宜 / 大阪關西,2 stop(s) 新加坡樟宜 / 大阪關西,,"baggage_carry_on_weight_kg,baggage_checked_pieces,baggage_checked_weight_kg,price,transfer_count",mock-offer-fallback,2026-06-26T10:17:47+00:00
290e7130f4a8518d,new_offer,TPE-ICN,TPE,桃園,桃園,TW,🇹🇼,ICN,首爾仁川,首爾仁川,KR,🇰🇷,2026-07-26,CI214,CI,中華航空,中華航空,China Airlines,7876,TWD,20,2,10,1,BKK,曼谷素萬那普,1 stop(s) 曼谷素萬那普,,"baggage_carry_on_weight_kg,baggage_checked_pieces,baggage_checked_weight_kg,price,transfer_count",mock-offer-fallback,2026-06-26T10:17:47+00:00
e2a6736bc8b33154,new_offer,TPE-ICN,TPE,桃園,桃園,TW,🇹🇼,ICN,首爾仁川,首爾仁川,KR,🇰🇷,2026-07-26,JX930,JX,星宇航空,星宇航空,STARLUX Airlines,15978,TWD,30,1,7,0,,,直飛,,"baggage_carry_on_weight_kg,baggage_checked_pieces,baggage_checked_weight_kg,price,transfer_count",mock-offer-fallback,2026-06-26T10:17:47+00:00
803731ecf3c708aa,new_offer,TPE-HKG,TPE,桃園,桃園,TW,🇹🇼,HKG,香港,香港,HK,🇭🇰,2026-06-26,JX957,JX,星宇航空,星宇航空,STARLUX Airlines,12670,TWD,15,1,10,2,"ICN,NRT",首爾仁川 / 東京成田,2 stop(s) 首爾仁川 / 東京成田,,"baggage_carry_on_weight_kg,baggage_checked_pieces,baggage_checked_weight_kg,price,transfer_count",mock-offer-fallback,2026-06-26T10:17:47+00:00
fe3d8635aae511fd,new_offer,TPE-HKG,TPE,桃園,桃園,TW,🇹🇼,HKG,香港,香港,HK,🇭🇰,2026-06-26,BR478,BR,長榮航空,長榮航空,EVA Air,12878,TWD,30,2,10,1,SIN,新加坡樟宜,1 stop(s) 新加坡樟宜,,"baggage_carry_on_weight_kg,baggage_checked_pieces,baggage_checked_weight_kg,price,transfer_count",mock-offer-fallback,2026-06-26T10:17:47+00:00
41135d086bc4f0ae,new_offer,TPE-HKG,TPE,桃園,桃園,TW,🇹🇼,HKG,香港,香港,HK,🇭🇰,2026-06-27,JX936,JX,星宇航空,星宇航空,STARLUX Airlines,16013,TWD,15,2,7,1,KIX,大阪關西,1 stop(s) 大阪關西,,"baggage_carry_on_weight_kg,baggage_checked_pieces,baggage_checked_weight_kg,price,transfer_count",mock-offer-fallback,2026-06-26T10:17:47+00:00
39974b7b13f82374,new_offer,TPE-HKG,TPE,桃園,桃園,TW,🇹🇼,HKG,香港,香港,HK,🇭🇰,2026-06-27,BR928,BR,長榮航空,長榮航空,EVA Air,6624,TWD,30,1,10,1,SIN,新加坡樟宜,1 stop(s) 新加坡樟宜,,"baggage_carry_on_weight_kg,baggage_checked_pieces,baggage_checked_weight_kg,price,transfer_count",mock-offer-fallback,2026-06-26T10:17:47+00:00
cd12837d4501981b,new_offer,TPE-HKG,TPE,桃園,桃園,TW,🇹🇼,HKG,香港,香港,HK,🇭🇰,2026-06-28,IT549,IT,台灣虎航,台灣虎航,Tigerair Taiwan,8216,TWD,0,0,7,0,,,直飛,,"baggage_carry_on_weight_kg,baggage_checked_pieces,baggage_checked_weight_kg,price,transfer_count",mock-offer-fallback,2026-06-26T10:17:47+00:00
a6fc13fad2cd8781,new_offer,TPE-HKG,TPE,桃園,桃園,TW,🇹🇼,HKG,香港,香港,HK,🇭🇰,2026-06-28,AE908,AE,華信航空,華信航空,Mandarin Airlines,6730,TWD,23,1,7,0,,,直飛,,"baggage_carry_on_weight_kg,baggage_checked_pieces,baggage_checked_weight_kg,price,transfer_count",mock-offer-fallback,2026-06-26T10:17:47+00:00
cb990f13bebe5126,new_offer,TPE-HKG,TPE,桃園,桃園,TW,🇹🇼,HKG,香港,香港,HK,🇭🇰,2026-06-29,B7902,B7,立榮航空,立榮航空,UNI AIR,12687,TWD,20,1,10,0,,,直飛,,"baggage_carry_on_weight_kg,baggage_checked_pieces,baggage_checked_weight_kg,price,transfer_count",mock-offer-fallback,2026-06-26T10:17:47+00:00
c9486ad7ce3478f8,new_offer,TPE-HKG,TPE,桃園,桃園,TW,🇹🇼,HKG,香港,香港,HK,🇭🇰,2026-06-29,JX115,JX,星宇航空,星宇航空,STARLUX Airlines,11295,TWD,0,0,7,1,SIN,新加坡樟宜,1 stop(s) 新加坡樟宜,,"baggage_carry_on_weight_kg,baggage_checked_pieces,baggage_checked_weight_kg,price,transfer_count",mock-offer-fallback,2026-06-26T10:17:47+00:00
b079223c31bbabf3,new_offer,TPE-HKG,TPE,桃園,桃園,TW,🇹🇼,HKG,香港,香港,HK,🇭🇰,2026-06-30,IT661,IT,台灣虎航,台灣虎航,Tigerair Taiwan,7718,TWD,30,1,10,0,,,直飛,,"baggage_carry_on_weight_kg,baggage_checked_pieces,baggage_checked_weight_kg,price,transfer_count",mock-offer-fallback,2026-06-26T10:17:47+00:00
022cd96c4c41ba09,new_offer,TPE-HKG,TPE,桃園,桃園,TW,🇹🇼,HKG,香港,香港,HK,🇭🇰,2026-06-30,CI577,CI,中華航空,中華航空,China Airlines,12376,TWD,15,1,10,1,BKK,曼谷素萬那普,1 stop(s) 曼谷素萬那普,,"baggage_carry_on_weight_kg,baggage_checked_pieces,baggage_checked_weight_kg,price,transfer_count",mock-offer-fallback,2026-06-26T10:17:47+00:00
04ab52d443f18183,new_offer,TPE-HKG,TPE,桃園,桃園,TW,🇹🇼,HKG,香港,香港,HK,🇭🇰,2026-07-01,BR856,BR,長榮航空,長榮航空,EVA Air,13092,TWD,15,1,7,2,"NRT,ICN",東京成田 / 首爾仁川,2 stop(s) 東京成田 / 首爾仁川,,"baggage_carry_on_weight_kg,baggage_checked_pieces,baggage_checked_weight_kg,price,transfer_count",mock-offer-fallback,2026-06-26T10:17:47+00:00
f5d71b5d0f9d0e81,new_offer,TPE-HKG,TPE,桃園,桃園,TW,🇹🇼,HKG,香港,香港,HK,🇭🇰,2026-07-01,B7461,B7,立榮航空,立榮航空,UNI AIR,10827,TWD,15,2,7,0,,,直飛,,"baggage_carry_on_weight_kg,baggage_checked_pieces,baggage_checked_weight_kg,price,transfer_count",mock-offer-fallback,2026-06-26T10:17:47+00:00
0a8b226e57589c67,new_offer,TPE-HKG,TPE,桃園,桃園,TW,🇹🇼,HKG,香港,香港,HK,🇭🇰,2026-07-02,CI234,CI,中華航空,中華航空,China Airlines,9861,TWD,30,2,10,1,ICN,首爾仁川,1 stop(s) 首爾仁川,,"baggage_carry_on_weight_kg,baggage_checked_pieces,baggage_checked_weight_kg,price,transfer_count",mock-offer-fallback,2026-06-26T10:17:47+00:00
7208d9a989a51892,new_offer,TPE-HKG,TPE,桃園,桃園,TW,🇹🇼,HKG,香港,香港,HK,🇭🇰,2026-07-02,IT730,IT,台灣虎航,台灣虎航,Tigerair Taiwan,6216,TWD,23,1,10,0,,,直飛,,"baggage_carry_on_weight_kg,baggage_checked_pieces,baggage_checked_weight_kg,price,transfer_count",mock-offer-fallback,2026-06-26T10:17:47+00:00
77149bbedb3cdb9e,new_offer,TPE-HKG,TPE,桃園,桃園,TW,🇹🇼,HKG,香港,香港,HK,🇭🇰,2026-07-03,AE793,AE,華信航空,華信航空,Mandarin Airlines,10530,TWD,20,1,10,1,SIN,新加坡樟宜,1 stop(s) 新加坡樟宜,,"baggage_carry_on_weight_kg,baggage_checked_pieces,baggage_checked_weight_kg,price,transfer_count",mock-offer-fallback,2026-06-26T10:17:47+00:00
21909442dced6690,new_offer,TPE-HKG,TPE,桃園,桃園,TW,🇹🇼,HKG,香港,香港,HK,🇭🇰,2026-07-03,B7934,B7,立榮航空,立榮航空,UNI AIR,5508,TWD,30,1,7,1,SIN,新加坡樟宜,1 stop(s) 新加坡樟宜,,"baggage_carry_on_weight_kg,baggage_checked_pieces,baggage_checked_weight_kg,price,transfer_count",mock-offer-fallback,2026-06-26T10:17:47+00:00
48caa3a7c3071372,new_offer,TPE-HKG,TPE,桃園,桃園,TW,🇹🇼,HKG,香港,香港,HK,🇭🇰,2026-07-04,AE790,AE,華信航空,華信航空,Mandarin Airlines,7604,TWD,23,1,7,1,KIX,大阪關西,1 stop(s) 大阪關西,,"baggage_carry_on_weight_kg,baggage_checked_pieces,baggage_checked_weight_kg,price,transfer_count",mock-offer-fallback,2026-06-26T10:17:47+00:00
f7c53627e55aeb3b,new_offer,TPE-HKG,TPE,桃園,桃園,TW,🇹🇼,HKG,香港,香港,HK,🇭🇰,2026-07-04,AE642,AE,華信航空,華信航空,Mandarin Airlines,10793,TWD,30,2,10,2,"ICN,SIN",首爾仁川 / 新加坡樟宜,2 stop(s) 首爾仁川 / 新加坡樟宜,,"baggage_carry_on_weight_kg,baggage_checked_pieces,baggage_checked_weight_kg,price,transfer_count",mock-offer-fallback,2026-06-26T10:17:47+00:00
bcea6c17b8cbb5a0,new_offer,TPE-HKG,TPE,桃園,桃園,TW,🇹🇼,HKG,香港,香港,HK,🇭🇰,2026-07-05,AE839,AE,華信航空,華信航空,Mandarin Airlines,12497,TWD,0,0,10,0,,,直飛,,"baggage_carry_on_weight_kg,baggage_checked_pieces,baggage_checked_weight_kg,price,transfer_count",mock-offer-fallback,2026-06-26T10:17:47+00:00
30a08893948d24ab,new_offer,TPE-HKG,TPE,桃園,桃園,TW,🇹🇼,HKG,香港,香港,HK,🇭🇰,2026-07-05,CI558,CI,中華航空,中華航空,China Airlines,5060,TWD,15,2,7,0,,,直飛,,"baggage_carry_on_weight_kg,baggage_checked_pieces,baggage_checked_weight_kg,price,transfer_count",mock-offer-fallback,2026-06-26T10:17:47+00:00
097d235add1491cd,new_offer,TPE-HKG,TPE,桃園,桃園,TW,🇹🇼,HKG,香港,香港,HK,🇭🇰,2026-07-06,BR460,BR,長榮航空,長榮航空,EVA Air,16162,TWD,30,1,10,0,,,直飛,,"baggage_carry_on_weight_kg,baggage_checked_pieces,baggage_checked_weight_kg,price,transfer_count",mock-offer-fallback,2026-06-26T10:17:47+00:00
0a80ed20c7617d2e,new_offer,TPE-HKG,TPE,桃園,桃園,TW,🇹🇼,HKG,香港,香港,HK,🇭🇰,2026-07-06,JX469,JX,星宇航空,星宇航空,STARLUX Airlines,13727,TWD,30,1,7,0,,,直飛,,"baggage_carry_on_weight_kg,baggage_checked_pieces,baggage_checked_weight_kg,price,transfer_count",mock-offer-fallback,2026-06-26T10:17:47+00:00
909961c9a6bd7e08,new_offer,TPE-HKG,TPE,桃園,桃園,TW,🇹🇼,HKG,香港,香港,HK,🇭🇰,2026-07-07,JX383,JX,星宇航空,星宇航空,STARLUX Airlines,9439,TWD,23,1,7,0,,,直飛,,"baggage_carry_on_weight_kg,baggage_checked_pieces,baggage_checked_weight_kg,price,transfer_count",mock-offer-fallback,2026-06-26T10:17:47+00:00
8859a6eee2577392,new_offer,TPE-HKG,TPE,桃園,桃園,TW,🇹🇼,HKG,香港,香港,HK,🇭🇰,2026-07-07,CI227,CI,中華航空,中華航空,China Airlines,7339,TWD,20,1,10,0,,,直飛,,"baggage_carry_on_weight_kg,baggage_checked_pieces,baggage_checked_weight_kg,price,transfer_count",mock-offer-fallback,2026-06-26T10:17:47+00:00
dc81ef0913d845c9,new_offer,TPE-HKG,TPE,桃園,桃園,TW,🇹🇼,HKG,香港,香港,HK,🇭🇰,2026-07-08,JX131,JX,星宇航空,星宇航空,STARLUX Airlines,7885,TWD,15,2,7,1,BKK,曼谷素萬那普,1 stop(s) 曼谷素萬那普,,"baggage_carry_on_weight_kg,baggage_checked_pieces,baggage_checked_weight_kg,price,transfer_count",mock-offer-fallback,2026-06-26T10:17:47+00:00
376c9f3974a580f7,new_offer,TPE-HKG,TPE,桃園,桃園,TW,🇹🇼,HKG,香港,香港,HK,🇭🇰,2026-07-08,IT166,IT,台灣虎航,台灣虎航,Tigerair Taiwan,12236,TWD,0,0,7,0,,,直飛,,"baggage_carry_on_weight_kg,baggage_checked_pieces,baggage_checked_weight_kg,price,transfer_count",mock-offer-fallback,2026-06-26T10:17:47+00:00
bb1f23a5fecac719,new_offer,TPE-HKG,TPE,桃園,桃園,TW,🇹🇼,HKG,香港,香港,HK,🇭🇰,2026-07-09,JX615,JX,星宇航空,星宇航空,STARLUX Airlines,6121,TWD,30,2,10,2,"KIX,BKK",大阪關西 / 曼谷素萬那普,2 stop(s) 大阪關西 / 曼谷素萬那普,,"baggage_carry_on_weight_kg,baggage_checked_pieces,baggage_checked_weight_kg,price,transfer_count",mock-offer-fallback,2026-06-26T10:17:47+00:00
56f1c54594adfd56,new_offer,TPE-HKG,TPE,桃園,桃園,TW,🇹🇼,HKG,香港,香港,HK,🇭🇰,2026-07-09,JX782,JX,星宇航空,星宇航空,STARLUX Airlines,9385,TWD,15,2,10,1,NRT,東京成田,1 stop(s) 東京成田,,"baggage_carry_on_weight_kg,baggage_checked_pieces,baggage_checked_weight_kg,price,transfer_count",mock-offer-fallback,2026-06-26T10:17:47+00:00
b37db6bca81ced7c,new_offer,TPE-HKG,TPE,桃園,桃園,TW,🇹🇼,HKG,香港,香港,HK,🇭🇰,2026-07-10,IT750,IT,台灣虎航,台灣虎航,Tigerair Taiwan,11195,TWD,30,1,10,0,,,直飛,,"baggage_carry_on_weight_kg,baggage_checked_pieces,baggage_checked_weight_kg,price,transfer_count",mock-offer-fallback,2026-06-26T10:17:47+00:00
671b6af4dd18baa6,new_offer,TPE-HKG,TPE,桃園,桃園,TW,🇹🇼,HKG,香港,香港,HK,🇭🇰,2026-07-10,CI876,CI,中華航空,中華航空,China Airlines,5683,TWD,23,2,7,1,KIX,大阪關西,1 stop(s) 大阪關西,,"baggage_carry_on_weight_kg,baggage_checked_pieces,baggage_checked_weight_kg,price,transfer_count",mock-offer-fallback,2026-06-26T10:17:47+00:00
0fe9e60dfba906d5,new_offer,TPE-HKG,TPE,桃園,桃園,TW,🇹🇼,HKG,香港,香港,HK,🇭🇰,2026-07-11,BR206,BR,長榮航空,長榮航空,EVA Air,14776,TWD,30,1,10,1,NRT,東京成田,1 stop(s) 東京成田,,"baggage_carry_on_weight_kg,baggage_checked_pieces,baggage_checked_weight_kg,price,transfer_count",mock-offer-fallback,2026-06-26T10:17:47+00:00
3a6d785ca4b5402b,new_offer,TPE-HKG,TPE,桃園,桃園,TW,🇹🇼,HKG,香港,香港,HK,🇭🇰,2026-07-11,B7798,B7,立榮航空,立榮航空,UNI AIR,5881,TWD,0,0,7,0,,,直飛,,"baggage_carry_on_weight_kg,baggage_checked_pieces,baggage_checked_weight_kg,price,transfer_count",mock-offer-fallback,2026-06-26T10:17:47+00:00
3f37a8608259454e,new_offer,TPE-HKG,TPE,桃園,桃園,TW,🇹🇼,HKG,香港,香港,HK,🇭🇰,2026-07-12,CI763,CI,中華航空,中華航空,China Airlines,10270,TWD,23,1,7,1,BKK,曼谷素萬那普,1 stop(s) 曼谷素萬那普,,"baggage_carry_on_weight_kg,baggage_checked_pieces,baggage_checked_weight_kg,price,transfer_count",mock-offer-fallback,2026-06-26T10:17:47+00:00
41966bf76194d4f3,new_offer,TPE-HKG,TPE,桃園,桃園,TW,🇹🇼,HKG,香港,香港,HK,🇭🇰,2026-07-12,BR377,BR,長榮航空,長榮航空,EVA Air,5279,TWD,23,2,10,0,,,直飛,,"baggage_carry_on_weight_kg,baggage_checked_pieces,baggage_checked_weight_kg,price,transfer_count",mock-offer-fallback,2026-06-26T10:17:47+00:00
cec85c3caabccf3a,new_offer,TPE-HKG,TPE,桃園,桃園,TW,🇹🇼,HKG,香港,香港,HK,🇭🇰,2026-07-13,IT552,IT,台灣虎航,台灣虎航,Tigerair Taiwan,9117,TWD,23,1,10,2,"KIX,BKK",大阪關西 / 曼谷素萬那普,2 stop(s) 大阪關西 / 曼谷素萬那普,,"baggage_carry_on_weight_kg,baggage_checked_pieces,baggage_checked_weight_kg,price,transfer_count",mock-offer-fallback,2026-06-26T10:17:47+00:00
c5a0b563e1574a23,new_offer,TPE-HKG,TPE,桃園,桃園,TW,🇹🇼,HKG,香港,香港,HK,🇭🇰,2026-07-13,CI982,CI,中華航空,中華航空,China Airlines,12737,TWD,30,2,10,0,,,直飛,,"baggage_carry_on_weight_kg,baggage_checked_pieces,baggage_checked_weight_kg,price,transfer_count",mock-offer-fallback,2026-06-26T10:17:47+00:00
deef2a3ae4b7a7ca,new_offer,TPE-HKG,TPE,桃園,桃園,TW,🇹🇼,HKG,香港,香港,HK,🇭🇰,2026-07-14,AE316,AE,華信航空,華信航空,Mandarin Airlines,15550,TWD,30,2,10,0,,,直飛,,"baggage_carry_on_weight_kg,baggage_checked_pieces,baggage_checked_weight_kg,price,transfer_count",mock-offer-fallback,2026-06-26T10:17:47+00:00
fc0ecac991108db5,new_offer,TPE-HKG,TPE,桃園,桃園,TW,🇹🇼,HKG,香港,香港,HK,🇭🇰,2026-07-14,IT898,IT,台灣虎航,台灣虎航,Tigerair Taiwan,9698,TWD,20,1,10,0,,,直飛,,"baggage_carry_on_weight_kg,baggage_checked_pieces,baggage_checked_weight_kg,price,transfer_count",mock-offer-fallback,2026-06-26T10:17:47+00:00
f5045bc5c1102a12,new_offer,TPE-HKG,TPE,桃園,桃園,TW,🇹🇼,HKG,香港,香港,HK,🇭🇰,2026-07-15,AE674,AE,華信航空,華信航空,Mandarin Airlines,15631,TWD,15,2,7,1,SIN,新加坡樟宜,1 stop(s) 新加坡樟宜,,"baggage_carry_on_weight_kg,baggage_checked_pieces,baggage_checked_weight_kg,price,transfer_count",mock-offer-fallback,2026-06-26T10:17:47+00:00
90e77c99f4db1960,new_offer,TPE-HKG,TPE,桃園,桃園,TW,🇹🇼,HKG,香港,香港,HK,🇭🇰,2026-07-15,B7445,B7,立榮航空,立榮航空,UNI AIR,8408,TWD,0,0,10,1,BKK,曼谷素萬那普,1 stop(s) 曼谷素萬那普,,"baggage_carry_on_weight_kg,baggage_checked_pieces,baggage_checked_weight_kg,price,transfer_count",mock-offer-fallback,2026-06-26T10:17:47+00:00
f915d5e54cb73086,new_offer,TPE-HKG,TPE,桃園,桃園,TW,🇹🇼,HKG,香港,香港,HK,🇭🇰,2026-07-16,JX587,JX,星宇航空,星宇航空,STARLUX Airlines,14396,TWD,30,2,7,0,,,直飛,,"baggage_carry_on_weight_kg,baggage_checked_pieces,baggage_checked_weight_kg,price,transfer_count",mock-offer-fallback,2026-06-26T10:17:47+00:00
6a559e66aaccb565,new_offer,TPE-HKG,TPE,桃園,桃園,TW,🇹🇼,HKG,香港,香港,HK,🇭🇰,2026-07-16,JX106,JX,星宇航空,星宇航空,STARLUX Airlines,14305,TWD,23,2,10,2,"BKK,SIN",曼谷素萬那普 / 新加坡樟宜,2 stop(s) 曼谷素萬那普 / 新加坡樟宜,,"baggage_carry_on_weight_kg,baggage_checked_pieces,baggage_checked_weight_kg,price,transfer_count",mock-offer-fallback,2026-06-26T10:17:47+00:00
ef14ddb02c56cb87,new_offer,TPE-HKG,TPE,桃園,桃園,TW,🇹🇼,HKG,香港,香港,HK,🇭🇰,2026-07-17,JX127,JX,星宇航空,星宇航空,STARLUX Airlines,10567,TWD,15,1,7,1,BKK,曼谷素萬那普,1 stop(s) 曼谷素萬那普,,"baggage_carry_on_weight_kg,baggage_checked_pieces,baggage_checked_weight_kg,price,transfer_count",mock-offer-fallback,2026-06-26T10:17:47+00:00
907c7dfea906db7e,new_offer,TPE-HKG,TPE,桃園,桃園,TW,🇹🇼,HKG,香港,香港,HK,🇭🇰,2026-07-17,AE189,AE,華信航空,華信航空,Mandarin Airlines,15097,TWD,20,1,7,1,NRT,東京成田,1 stop(s) 東京成田,,"baggage_carry_on_weight_kg,baggage_checked_pieces,baggage_checked_weight_kg,price,transfer_count",mock-offer-fallback,2026-06-26T10:17:47+00:00
86b20e6b3eba1768,new_offer,TPE-HKG,TPE,桃園,桃園,TW,🇹🇼,HKG,香港,香港,HK,🇭🇰,2026-07-18,BR594,BR,長榮航空,長榮航空,EVA Air,15613,TWD,23,2,7,2,"NRT,SIN",東京成田 / 新加坡樟宜,2 stop(s) 東京成田 / 新加坡樟宜,,"baggage_carry_on_weight_kg,baggage_checked_pieces,baggage_checked_weight_kg,price,transfer_count",mock-offer-fallback,2026-06-26T10:17:47+00:00
170145debd8cd132,new_offer,TPE-HKG,TPE,桃園,桃園,TW,🇹🇼,HKG,香港,香港,HK,🇭🇰,2026-07-18,CI743,CI,中華航空,中華航空,China Airlines,6663,TWD,20,2,10,1,KIX,大阪關西,1 stop(s) 大阪關西,,"baggage_carry_on_weight_kg,baggage_checked_pieces,baggage_checked_weight_kg,price,transfer_count",mock-offer-fallback,2026-06-26T10:17:47+00:00
49760b6bfcf4a9bc,new_offer,TPE-HKG,TPE,桃園,桃園,TW,🇹🇼,HKG,香港,香港,HK,🇭🇰,2026-07-19,B7125,B7,立榮航空,立榮航空,UNI AIR,5590,TWD,23,1,10,1,ICN,首爾仁川,1 stop(s) 首爾仁川,,"baggage_carry_on_weight_kg,baggage_checked_pieces,baggage_checked_weight_kg,price,transfer_count",mock-offer-fallback,2026-06-26T10:17:47+00:00
3553e8cbfb04af05,new_offer,TPE-HKG,TPE,桃園,桃園,TW,🇹🇼,HKG,香港,香港,HK,🇭🇰,2026-07-19,BR163,BR,長榮航空,長榮航空,EVA Air,8583,TWD,0,0,7,2,"ICN,SIN",首爾仁川 / 新加坡樟宜,2 stop(s) 首爾仁川 / 新加坡樟宜,,"baggage_carry_on_weight_kg,baggage_checked_pieces,baggage_checked_weight_kg,price,transfer_count",mock-offer-fallback,2026-06-26T10:17:47+00:00
967a921c1e2b7a2a,new_offer,TPE-HKG,TPE,桃園,桃園,TW,🇹🇼,HKG,香港,香港,HK,🇭🇰,2026-07-20,CI486,CI,中華航空,中華航空,China Airlines,7424,TWD,15,2,7,1,NRT,東京成田,1 stop(s) 東京成田,,"baggage_carry_on_weight_kg,baggage_checked_pieces,baggage_checked_weight_kg,price,transfer_count",mock-offer-fallback,2026-06-26T10:17:47+00:00
be8a184ee08b1025,new_offer,TPE-HKG,TPE,桃園,桃園,TW,🇹🇼,HKG,香港,香港,HK,🇭🇰,2026-07-20,CI231,CI,中華航空,中華航空,China Airlines,9264,TWD,23,2,10,1,ICN,首爾仁川,1 stop(s) 首爾仁川,,"baggage_carry_on_weight_kg,baggage_checked_pieces,baggage_checked_weight_kg,price,transfer_count",mock-offer-fallback,2026-06-26T10:17:47+00:00
29bde2d66ab9cc78,new_offer,TPE-HKG,TPE,桃園,桃園,TW,🇹🇼,HKG,香港,香港,HK,🇭🇰,2026-07-21,IT626,IT,台灣虎航,台灣虎航,Tigerair Taiwan,5205,TWD,30,2,10,0,,,直飛,,"baggage_carry_on_weight_kg,baggage_checked_pieces,baggage_checked_weight_kg,price,transfer_count",mock-offer-fallback,2026-06-26T10:17:47+00:00
ce9f0655b9501c60,new_offer,TPE-HKG,TPE,桃園,桃園,TW,🇹🇼,HKG,香港,香港,HK,🇭🇰,2026-07-21,CI157,CI,中華航空,中華航空,China Airlines,4684,TWD,0,0,10,0,,,直飛,,"baggage_carry_on_weight_kg,baggage_checked_pieces,baggage_checked_weight_kg,price,transfer_count",mock-offer-fallback,2026-06-26T10:17:47+00:00
3073a101c8b392e5,new_offer,TPE-HKG,TPE,桃園,桃園,TW,🇹🇼,HKG,香港,香港,HK,🇭🇰,2026-07-22,B7966,B7,立榮航空,立榮航空,UNI AIR,9742,TWD,20,1,7,1,ICN,首爾仁川,1 stop(s) 首爾仁川,,"baggage_carry_on_weight_kg,baggage_checked_pieces,baggage_checked_weight_kg,price,transfer_count",mock-offer-fallback,2026-06-26T10:17:47+00:00
b843a412357fd5da,new_offer,TPE-HKG,TPE,桃園,桃園,TW,🇹🇼,HKG,香港,香港,HK,🇭🇰,2026-07-22,B7243,B7,立榮航空,立榮航空,UNI AIR,7424,TWD,30,2,10,1,NRT,東京成田,1 stop(s) 東京成田,,"baggage_carry_on_weight_kg,baggage_checked_pieces,baggage_checked_weight_kg,price,transfer_count",mock-offer-fallback,2026-06-26T10:17:47+00:00
d450a1e86a45c57c,new_offer,TPE-HKG,TPE,桃園,桃園,TW,🇹🇼,HKG,香港,香港,HK,🇭🇰,2026-07-23,CI906,CI,中華航空,中華航空,China Airlines,12620,TWD,23,1,7,1,ICN,首爾仁川,1 stop(s) 首爾仁川,,"baggage_carry_on_weight_kg,baggage_checked_pieces,baggage_checked_weight_kg,price,transfer_count",mock-offer-fallback,2026-06-26T10:17:47+00:00
e45393c5a5fc8368,new_offer,TPE-HKG,TPE,桃園,桃園,TW,🇹🇼,HKG,香港,香港,HK,🇭🇰,2026-07-23,BR707,BR,長榮航空,長榮航空,EVA Air,13223,TWD,15,1,10,0,,,直飛,,"baggage_carry_on_weight_kg,baggage_checked_pieces,baggage_checked_weight_kg,price,transfer_count",mock-offer-fallback,2026-06-26T10:17:47+00:00
1c348d6bfdfcc2ab,new_offer,TPE-HKG,TPE,桃園,桃園,TW,🇹🇼,HKG,香港,香港,HK,🇭🇰,2026-07-24,B7991,B7,立榮航空,立榮航空,UNI AIR,11983,TWD,15,1,10,1,BKK,曼谷素萬那普,1 stop(s) 曼谷素萬那普,,"baggage_carry_on_weight_kg,baggage_checked_pieces,baggage_checked_weight_kg,price,transfer_count",mock-offer-fallback,2026-06-26T10:17:47+00:00
4e65747359a1932d,new_offer,TPE-HKG,TPE,桃園,桃園,TW,🇹🇼,HKG,香港,香港,HK,🇭🇰,2026-07-24,IT173,IT,台灣虎航,台灣虎航,Tigerair Taiwan,9355,TWD,20,1,7,0,,,直飛,,"baggage_carry_on_weight_kg,baggage_checked_pieces,baggage_checked_weight_kg,price,transfer_count",mock-offer-fallback,2026-06-26T10:17:47+00:00
618cf33b99efcdbd,new_offer,TPE-HKG,TPE,桃園,桃園,TW,🇹🇼,HKG,香港,香港,HK,🇭🇰,2026-07-25,CI196,CI,中華航空,中華航空,China Airlines,9057,TWD,30,1,10,1,KIX,大阪關西,1 stop(s) 大阪關西,,"baggage_carry_on_weight_kg,baggage_checked_pieces,baggage_checked_weight_kg,price,transfer_count",mock-offer-fallback,2026-06-26T10:17:47+00:00
49eda847e69ca525,new_offer,TPE-HKG,TPE,桃園,桃園,TW,🇹🇼,HKG,香港,香港,HK,🇭🇰,2026-07-25,CI802,CI,中華航空,中華航空,China Airlines,4750,TWD,15,1,10,1,NRT,東京成田,1 stop(s) 東京成田,,"baggage_carry_on_weight_kg,baggage_checked_pieces,baggage_checked_weight_kg,price,transfer_count",mock-offer-fallback,2026-06-26T10:17:47+00:00
6d30622699d1387f,new_offer,TPE-HKG,TPE,桃園,桃園,TW,🇹🇼,HKG,香港,香港,HK,🇭🇰,2026-07-26,CI593,CI,中華航空,中華航空,China Airlines,11680,TWD,15,2,7,0,,,直飛,,"baggage_carry_on_weight_kg,baggage_checked_pieces,baggage_checked_weight_kg,price,transfer_count",mock-offer-fallback,2026-06-26T10:17:47+00:00
55e2edd06f40fa65,new_offer,TPE-HKG,TPE,桃園,桃園,TW,🇹🇼,HKG,香港,香港,HK,🇭🇰,2026-07-26,BR277,BR,長榮航空,長榮航空,EVA Air,4403,TWD,20,1,7,1,KIX,大阪關西,1 stop(s) 大阪關西,,"baggage_carry_on_weight_kg,baggage_checked_pieces,baggage_checked_weight_kg,price,transfer_count",mock-offer-fallback,2026-06-26T10:17:47+00:00
568a7a4565e2d48c,new_offer,TSA-KNH,TSA,松山,松山,TW,🇹🇼,KNH,金門,金門,TW,🇹🇼,2026-06-26,CI474,CI,中華航空,中華航空,China Airlines,7675,TWD,0,0,7,1,ICN,首爾仁川,1 stop(s) 首爾仁川,,"baggage_carry_on_weight_kg,baggage_checked_pieces,baggage_checked_weight_kg,price,transfer_count",mock-offer-fallback,2026-06-26T10:17:47+00:00
b7390345b4644495,new_offer,TSA-KNH,TSA,松山,松山,TW,🇹🇼,KNH,金門,金門,TW,🇹🇼,2026-06-26,AE581,AE,華信航空,華信航空,Mandarin Airlines,5282,TWD,20,2,7,1,SIN,新加坡樟宜,1 stop(s) 新加坡樟宜,,"baggage_carry_on_weight_kg,baggage_checked_pieces,baggage_checked_weight_kg,price,transfer_count",mock-offer-fallback,2026-06-26T10:17:47+00:00
de3e1d85cc8e6f3e,new_offer,TSA-KNH,TSA,松山,松山,TW,🇹🇼,KNH,金門,金門,TW,🇹🇼,2026-06-27,IT862,IT,台灣虎航,台灣虎航,Tigerair Taiwan,12887,TWD,30,2,7,1,KIX,大阪關西,1 stop(s) 大阪關西,,"baggage_carry_on_weight_kg,baggage_checked_pieces,baggage_checked_weight_kg,price,transfer_count",mock-offer-fallback,2026-06-26T10:17:47+00:00
e5fb270ea80b775e,new_offer,TSA-KNH,TSA,松山,松山,TW,🇹🇼,KNH,金門,金門,TW,🇹🇼,2026-06-27,AE662,AE,華信航空,華信航空,Mandarin Airlines,5116,TWD,0,0,7,0,,,直飛,,"baggage_carry_on_weight_kg,baggage_checked_pieces,baggage_checked_weight_kg,price,transfer_count",mock-offer-fallback,2026-06-26T10:17:47+00:00
da5017c5584337e4,new_offer,TSA-KNH,TSA,松山,松山,TW,🇹🇼,KNH,金門,金門,TW,🇹🇼,2026-06-28,CI782,CI,中華航空,中華航空,China Airlines,9054,TWD,20,2,7,0,,,直飛,,"baggage_carry_on_weight_kg,baggage_checked_pieces,baggage_checked_weight_kg,price,transfer_count",mock-offer-fallback,2026-06-26T10:17:47+00:00
407cc4abfb18cbbe,new_offer,TSA-KNH,TSA,松山,松山,TW,🇹🇼,KNH,金門,金門,TW,🇹🇼,2026-06-28,IT909,IT,台灣虎航,台灣虎航,Tigerair Taiwan,7775,TWD,15,2,10,0,,,直飛,,"baggage_carry_on_weight_kg,baggage_checked_pieces,baggage_checked_weight_kg,price,transfer_count",mock-offer-fallback,2026-06-26T10:17:47+00:00
1e89f06ffa09858b,new_offer,TSA-KNH,TSA,松山,松山,TW,🇹🇼,KNH,金門,金門,TW,🇹🇼,2026-06-29,IT520,IT,台灣虎航,台灣虎航,Tigerair Taiwan,15520,TWD,23,2,7,0,,,直飛,,"baggage_carry_on_weight_kg,baggage_checked_pieces,baggage_checked_weight_kg,price,transfer_count",mock-offer-fallback,2026-06-26T10:17:47+00:00
52a2d30c1a9c8cbe,new_offer,TSA-KNH,TSA,松山,松山,TW,🇹🇼,KNH,金門,金門,TW,🇹🇼,2026-06-29,CI973,CI,中華航空,中華航空,China Airlines,7124,TWD,20,2,7,1,NRT,東京成田,1 stop(s) 東京成田,,"baggage_carry_on_weight_kg,baggage_checked_pieces,baggage_checked_weight_kg,price,transfer_count",mock-offer-fallback,2026-06-26T10:17:47+00:00
b691403752da97a2,new_offer,TSA-KNH,TSA,松山,松山,TW,🇹🇼,KNH,金門,金門,TW,🇹🇼,2026-06-30,B7804,B7,立榮航空,立榮航空,UNI AIR,12975,TWD,0,0,7,1,KIX,大阪關西,1 stop(s) 大阪關西,,"baggage_carry_on_weight_kg,baggage_checked_pieces,baggage_checked_weight_kg,price,transfer_count",mock-offer-fallback,2026-06-26T10:17:47+00:00
d7bbc0346bfee17f,new_offer,TSA-KNH,TSA,松山,松山,TW,🇹🇼,KNH,金門,金門,TW,🇹🇼,2026-06-30,CI212,CI,中華航空,中華航空,China Airlines,11335,TWD,0,0,7,1,BKK,曼谷素萬那普,1 stop(s) 曼谷素萬那普,,"baggage_carry_on_weight_kg,baggage_checked_pieces,baggage_checked_weight_kg,price,transfer_count",mock-offer-fallback,2026-06-26T10:17:47+00:00
1519bc483c2d1b4a,new_offer,TSA-KNH,TSA,松山,松山,TW,🇹🇼,KNH,金門,金門,TW,🇹🇼,2026-07-01,AE254,AE,華信航空,華信航空,Mandarin Airlines,11824,TWD,0,0,7,1,BKK,曼谷素萬那普,1 stop(s) 曼谷素萬那普,,"baggage_carry_on_weight_kg,baggage_checked_pieces,baggage_checked_weight_kg,price,transfer_count",mock-offer-fallback,2026-06-26T10:17:47+00:00
d85e902e2c207000,new_offer,TSA-KNH,TSA,松山,松山,TW,🇹🇼,KNH,金門,金門,TW,🇹🇼,2026-07-01,BR987,BR,長榮航空,長榮航空,EVA Air,7684,TWD,20,2,7,0,,,直飛,,"baggage_carry_on_weight_kg,baggage_checked_pieces,baggage_checked_weight_kg,price,transfer_count",mock-offer-fallback,2026-06-26T10:17:47+00:00
a1cd0ac0aec2b982,new_offer,TSA-KNH,TSA,松山,松山,TW,🇹🇼,KNH,金門,金門,TW,🇹🇼,2026-07-02,IT283,IT,台灣虎航,台灣虎航,Tigerair Taiwan,12873,TWD,30,1,10,0,,,直飛,,"baggage_carry_on_weight_kg,baggage_checked_pieces,baggage_checked_weight_kg,price,transfer_count",mock-offer-fallback,2026-06-26T10:17:47+00:00
5e4f72859da8a24d,new_offer,TSA-KNH,TSA,松山,松山,TW,🇹🇼,KNH,金門,金門,TW,🇹🇼,2026-07-02,BR403,BR,長榮航空,長榮航空,EVA Air,10503,TWD,30,2,7,1,SIN,新加坡樟宜,1 stop(s) 新加坡樟宜,,"baggage_carry_on_weight_kg,baggage_checked_pieces,baggage_checked_weight_kg,price,transfer_count",mock-offer-fallback,2026-06-26T10:17:47+00:00
d729618916f42b2b,new_offer,TSA-KNH,TSA,松山,松山,TW,🇹🇼,KNH,金門,金門,TW,🇹🇼,2026-07-03,B7602,B7,立榮航空,立榮航空,UNI AIR,4920,TWD,23,1,7,1,SIN,新加坡樟宜,1 stop(s) 新加坡樟宜,,"baggage_carry_on_weight_kg,baggage_checked_pieces,baggage_checked_weight_kg,price,transfer_count",mock-offer-fallback,2026-06-26T10:17:47+00:00
2970c34a19bc2a9e,new_offer,TSA-KNH,TSA,松山,松山,TW,🇹🇼,KNH,金門,金門,TW,🇹🇼,2026-07-03,B7261,B7,立榮航空,立榮航空,UNI AIR,10584,TWD,23,1,10,0,,,直飛,,"baggage_carry_on_weight_kg,baggage_checked_pieces,baggage_checked_weight_kg,price,transfer_count",mock-offer-fallback,2026-06-26T10:17:47+00:00
4df0d137479b3b44,new_offer,TSA-KNH,TSA,松山,松山,TW,🇹🇼,KNH,金門,金門,TW,🇹🇼,2026-07-04,B7122,B7,立榮航空,立榮航空,UNI AIR,14534,TWD,15,1,7,1,NRT,東京成田,1 stop(s) 東京成田,,"baggage_carry_on_weight_kg,baggage_checked_pieces,baggage_checked_weight_kg,price,transfer_count",mock-offer-fallback,2026-06-26T10:17:47+00:00
2e5801f12a1b95db,new_offer,TSA-KNH,TSA,松山,松山,TW,🇹🇼,KNH,金門,金門,TW,🇹🇼,2026-07-04,AE204,AE,華信航空,華信航空,Mandarin Airlines,5328,TWD,0,0,10,2,"HKG,KIX",香港 / 大阪關西,2 stop(s) 香港 / 大阪關西,,"baggage_carry_on_weight_kg,baggage_checked_pieces,baggage_checked_weight_kg,price,transfer_count",mock-offer-fallback,2026-06-26T10:17:47+00:00
84d28c94a97e940c,new_offer,TSA-KNH,TSA,松山,松山,TW,🇹🇼,KNH,金門,金門,TW,🇹🇼,2026-07-05,AE156,AE,華信航空,華信航空,Mandarin Airlines,16083,TWD,23,1,10,1,ICN,首爾仁川,1 stop(s) 首爾仁川,,"baggage_carry_on_weight_kg,baggage_checked_pieces,baggage_checked_weight_kg,price,transfer_count",mock-offer-fallback,2026-06-26T10:17:47+00:00
81d8f1f17b35f46a,new_offer,TSA-KNH,TSA,松山,松山,TW,🇹🇼,KNH,金門,金門,TW,🇹🇼,2026-07-05,CI462,CI,中華航空,中華航空,China Airlines,7433,TWD,23,2,7,1,BKK,曼谷素萬那普,1 stop(s) 曼谷素萬那普,,"baggage_carry_on_weight_kg,baggage_checked_pieces,baggage_checked_weight_kg,price,transfer_count",mock-offer-fallback,2026-06-26T10:17:47+00:00
490df6ca851e63e7,new_offer,TSA-KNH,TSA,松山,松山,TW,🇹🇼,KNH,金門,金門,TW,🇹🇼,2026-07-06,AE726,AE,華信航空,華信航空,Mandarin Airlines,7335,TWD,15,1,10,1,SIN,新加坡樟宜,1 stop(s) 新加坡樟宜,,"baggage_carry_on_weight_kg,baggage_checked_pieces,baggage_checked_weight_kg,price,transfer_count",mock-offer-fallback,2026-06-26T10:17:47+00:00
68d6a7be6951d8f6,new_offer,TSA-KNH,TSA,松山,松山,TW,🇹🇼,KNH,金門,金門,TW,🇹🇼,2026-07-06,B7683,B7,立榮航空,立榮航空,UNI AIR,15065,TWD,15,2,7,1,ICN,首爾仁川,1 stop(s) 首爾仁川,,"baggage_carry_on_weight_kg,baggage_checked_pieces,baggage_checked_weight_kg,price,transfer_count",mock-offer-fallback,2026-06-26T10:17:47+00:00
cad4fedeecd45758,new_offer,TSA-KNH,TSA,松山,松山,TW,🇹🇼,KNH,金門,金門,TW,🇹🇼,2026-07-07,JX352,JX,星宇航空,星宇航空,STARLUX Airlines,4527,TWD,23,1,7,1,HKG,香港,1 stop(s) 香港,,"baggage_carry_on_weight_kg,baggage_checked_pieces,baggage_checked_weight_kg,price,transfer_count",mock-offer-fallback,2026-06-26T10:17:47+00:00
c9a9295aa8a51bee,new_offer,TSA-KNH,TSA,松山,松山,TW,🇹🇼,KNH,金門,金門,TW,🇹🇼,2026-07-07,B7756,B7,立榮航空,立榮航空,UNI AIR,11870,TWD,20,1,7,1,HKG,香港,1 stop(s) 香港,,"baggage_carry_on_weight_kg,baggage_checked_pieces,baggage_checked_weight_kg,price,transfer_count",mock-offer-fallback,2026-06-26T10:17:47+00:00
9f31adddaf830695,new_offer,TSA-KNH,TSA,松山,松山,TW,🇹🇼,KNH,金門,金門,TW,🇹🇼,2026-07-08,IT658,IT,台灣虎航,台灣虎航,Tigerair Taiwan,6806,TWD,20,2,10,0,,,直飛,,"baggage_carry_on_weight_kg,baggage_checked_pieces,baggage_checked_weight_kg,price,transfer_count",mock-offer-fallback,2026-06-26T10:17:47+00:00
79838028ff1fd2d7,new_offer,TSA-KNH,TSA,松山,松山,TW,🇹🇼,KNH,金門,金門,TW,🇹🇼,2026-07-08,AE789,AE,華信航空,華信航空,Mandarin Airlines,8734,TWD,0,0,10,0,,,直飛,,"baggage_carry_on_weight_kg,baggage_checked_pieces,baggage_checked_weight_kg,price,transfer_count",mock-offer-fallback,2026-06-26T10:17:47+00:00
732c4bc200a1b910,new_offer,TSA-KNH,TSA,松山,松山,TW,🇹🇼,KNH,金門,金門,TW,🇹🇼,2026-07-09,JX685,JX,星宇航空,星宇航空,STARLUX Airlines,9065,TWD,30,2,7,0,,,直飛,,"baggage_carry_on_weight_kg,baggage_checked_pieces,baggage_checked_weight_kg,price,transfer_count",mock-offer-fallback,2026-06-26T10:17:47+00:00
52a1e661a041291e,new_offer,TSA-KNH,TSA,松山,松山,TW,🇹🇼,KNH,金門,金門,TW,🇹🇼,2026-07-09,JX346,JX,星宇航空,星宇航空,STARLUX Airlines,13407,TWD,23,1,10,0,,,直飛,,"baggage_carry_on_weight_kg,baggage_checked_pieces,baggage_checked_weight_kg,price,transfer_count",mock-offer-fallback,2026-06-26T10:17:47+00:00
955fa0a3d9d449ff,new_offer,TSA-KNH,TSA,松山,松山,TW,🇹🇼,KNH,金門,金門,TW,🇹🇼,2026-07-10,IT326,IT,台灣虎航,台灣虎航,Tigerair Taiwan,13328,TWD,20,2,7,1,BKK,曼谷素萬那普,1 stop(s) 曼谷素萬那普,,"baggage_carry_on_weight_kg,baggage_checked_pieces,baggage_checked_weight_kg,price,transfer_count",mock-offer-fallback,2026-06-26T10:17:47+00:00
c2d4f68aa485998f,new_offer,TSA-KNH,TSA,松山,松山,TW,🇹🇼,KNH,金門,金門,TW,🇹🇼,2026-07-10,AE952,AE,華信航空,華信航空,Mandarin Airlines,12487,TWD,30,2,10,2,"HKG,SIN",香港 / 新加坡樟宜,2 stop(s) 香港 / 新加坡樟宜,,"baggage_carry_on_weight_kg,baggage_checked_pieces,baggage_checked_weight_kg,price,transfer_count",mock-offer-fallback,2026-06-26T10:17:47+00:00
706ae01ec8b1db05,new_offer,TSA-KNH,TSA,松山,松山,TW,🇹🇼,KNH,金門,金門,TW,🇹🇼,2026-07-11,B7384,B7,立榮航空,立榮航空,UNI AIR,7901,TWD,0,0,7,1,SIN,新加坡樟宜,1 stop(s) 新加坡樟宜,,"baggage_carry_on_weight_kg,baggage_checked_pieces,baggage_checked_weight_kg,price,transfer_count",mock-offer-fallback,2026-06-26T10:17:47+00:00
532529290a44ce81,new_offer,TSA-KNH,TSA,松山,松山,TW,🇹🇼,KNH,金門,金門,TW,🇹🇼,2026-07-11,IT276,IT,台灣虎航,台灣虎航,Tigerair Taiwan,8529,TWD,20,2,7,0,,,直飛,,"baggage_carry_on_weight_kg,baggage_checked_pieces,baggage_checked_weight_kg,price,transfer_count",mock-offer-fallback,2026-06-26T10:17:47+00:00
f6ee973422ee16b0,new_offer,TSA-KNH,TSA,松山,松山,TW,🇹🇼,KNH,金門,金門,TW,🇹🇼,2026-07-12,CI175,CI,中華航空,中華航空,China Airlines,6667,TWD,15,1,7,1,HKG,香港,1 stop(s) 香港,,"baggage_carry_on_weight_kg,baggage_checked_pieces,baggage_checked_weight_kg,price,transfer_count",mock-offer-fallback,2026-06-26T10:17:47+00:00
4b98540f430dc9a7,new_offer,TSA-KNH,TSA,松山,松山,TW,🇹🇼,KNH,金門,金門,TW,🇹🇼,2026-07-12,B7162,B7,立榮航空,立榮航空,UNI AIR,12691,TWD,23,1,7,1,SIN,新加坡樟宜,1 stop(s) 新加坡樟宜,,"baggage_carry_on_weight_kg,baggage_checked_pieces,baggage_checked_weight_kg,price,transfer_count",mock-offer-fallback,2026-06-26T10:17:47+00:00
7956bf7ca67c1b0a,new_offer,TSA-KNH,TSA,松山,松山,TW,🇹🇼,KNH,金門,金門,TW,🇹🇼,2026-07-13,IT821,IT,台灣虎航,台灣虎航,Tigerair Taiwan,10873,TWD,23,1,7,0,,,直飛,,"baggage_carry_on_weight_kg,baggage_checked_pieces,baggage_checked_weight_kg,price,transfer_count",mock-offer-fallback,2026-06-26T10:17:47+00:00
17a1b67843939edb,new_offer,TSA-KNH,TSA,松山,松山,TW,🇹🇼,KNH,金門,金門,TW,🇹🇼,2026-07-13,AE208,AE,華信航空,華信航空,Mandarin Airlines,15862,TWD,20,1,7,0,,,直飛,,"baggage_carry_on_weight_kg,baggage_checked_pieces,baggage_checked_weight_kg,price,transfer_count",mock-offer-fallback,2026-06-26T10:17:47+00:00
525b51371482784f,new_offer,TSA-KNH,TSA,松山,松山,TW,🇹🇼,KNH,金門,金門,TW,🇹🇼,2026-07-14,B7285,B7,立榮航空,立榮航空,UNI AIR,14045,TWD,23,1,7,1,NRT,東京成田,1 stop(s) 東京成田,,"baggage_carry_on_weight_kg,baggage_checked_pieces,baggage_checked_weight_kg,price,transfer_count",mock-offer-fallback,2026-06-26T10:17:47+00:00
03e14eda11274e45,new_offer,TSA-KNH,TSA,松山,松山,TW,🇹🇼,KNH,金門,金門,TW,🇹🇼,2026-07-14,BR590,BR,長榮航空,長榮航空,EVA Air,13767,TWD,15,2,10,0,,,直飛,,"baggage_carry_on_weight_kg,baggage_checked_pieces,baggage_checked_weight_kg,price,transfer_count",mock-offer-fallback,2026-06-26T10:17:47+00:00
6113dbfadcd5e7c4,new_offer,TSA-KNH,TSA,松山,松山,TW,🇹🇼,KNH,金門,金門,TW,🇹🇼,2026-07-15,B7400,B7,立榮航空,立榮航空,UNI AIR,10671,TWD,30,2,10,1,SIN,新加坡樟宜,1 stop(s) 新加坡樟宜,,"baggage_carry_on_weight_kg,baggage_checked_pieces,baggage_checked_weight_kg,price,transfer_count",mock-offer-fallback,2026-06-26T10:17:47+00:00
45b1b66f8cc5002a,new_offer,TSA-KNH,TSA,松山,松山,TW,🇹🇼,KNH,金門,金門,TW,🇹🇼,2026-07-15,B7352,B7,立榮航空,立榮航空,UNI AIR,9513,TWD,23,1,10,1,BKK,曼谷素萬那普,1 stop(s) 曼谷素萬那普,,"baggage_carry_on_weight_kg,baggage_checked_pieces,baggage_checked_weight_kg,price,transfer_count",mock-offer-fallback,2026-06-26T10:17:47+00:00
b5b21c01a3d1e85d,new_offer,TSA-KNH,TSA,松山,松山,TW,🇹🇼,KNH,金門,金門,TW,🇹🇼,2026-07-16,BR204,BR,長榮航空,長榮航空,EVA Air,5398,TWD,15,2,10,0,,,直飛,,"baggage_carry_on_weight_kg,baggage_checked_pieces,baggage_checked_weight_kg,price,transfer_count",mock-offer-fallback,2026-06-26T10:17:47+00:00
4d36cb7f14688051,new_offer,TSA-KNH,TSA,松山,松山,TW,🇹🇼,KNH,金門,金門,TW,🇹🇼,2026-07-16,IT680,IT,台灣虎航,台灣虎航,Tigerair Taiwan,6489,TWD,23,1,10,0,,,直飛,,"baggage_carry_on_weight_kg,baggage_checked_pieces,baggage_checked_weight_kg,price,transfer_count",mock-offer-fallback,2026-06-26T10:17:47+00:00
4d143bf63f803c91,new_offer,TSA-KNH,TSA,松山,松山,TW,🇹🇼,KNH,金門,金門,TW,🇹🇼,2026-07-17,CI478,CI,中華航空,中華航空,China Airlines,9093,TWD,15,2,10,2,"SIN,KIX",新加坡樟宜 / 大阪關西,2 stop(s) 新加坡樟宜 / 大阪關西,,"baggage_carry_on_weight_kg,baggage_checked_pieces,baggage_checked_weight_kg,price,transfer_count",mock-offer-fallback,2026-06-26T10:17:47+00:00
ed5f0a811e5a2d4b,new_offer,TSA-KNH,TSA,松山,松山,TW,🇹🇼,KNH,金門,金門,TW,🇹🇼,2026-07-17,B7895,B7,立榮航空,立榮航空,UNI AIR,10026,TWD,15,1,10,1,SIN,新加坡樟宜,1 stop(s) 新加坡樟宜,,"baggage_carry_on_weight_kg,baggage_checked_pieces,baggage_checked_weight_kg,price,transfer_count",mock-offer-fallback,2026-06-26T10:17:47+00:00
856a5c2f735b06de,new_offer,TSA-KNH,TSA,松山,松山,TW,🇹🇼,KNH,金門,金門,TW,🇹🇼,2026-07-18,B7377,B7,立榮航空,立榮航空,UNI AIR,8611,TWD,23,1,10,1,HKG,香港,1 stop(s) 香港,,"baggage_carry_on_weight_kg,baggage_checked_pieces,baggage_checked_weight_kg,price,transfer_count",mock-offer-fallback,2026-06-26T10:17:47+00:00
6b6f689aa47190c0,new_offer,TSA-KNH,TSA,松山,松山,TW,🇹🇼,KNH,金門,金門,TW,🇹🇼,2026-07-18,BR341,BR,長榮航空,長榮航空,EVA Air,6043,TWD,23,2,7,1,NRT,東京成田,1 stop(s) 東京成田,,"baggage_carry_on_weight_kg,baggage_checked_pieces,baggage_checked_weight_kg,price,transfer_count",mock-offer-fallback,2026-06-26T10:17:47+00:00
74b22253ee6994c9,new_offer,TSA-KNH,TSA,松山,松山,TW,🇹🇼,KNH,金門,金門,TW,🇹🇼,2026-07-19,IT124,IT,台灣虎航,台灣虎航,Tigerair Taiwan,15999,TWD,30,1,7,1,ICN,首爾仁川,1 stop(s) 首爾仁川,,"baggage_carry_on_weight_kg,baggage_checked_pieces,baggage_checked_weight_kg,price,transfer_count",mock-offer-fallback,2026-06-26T10:17:47+00:00
152fb1f07eb402cd,new_offer,TSA-KNH,TSA,松山,松山,TW,🇹🇼,KNH,金門,金門,TW,🇹🇼,2026-07-19,AE394,AE,華信航空,華信航空,Mandarin Airlines,11332,TWD,23,1,10,2,"HKG,BKK",香港 / 曼谷素萬那普,2 stop(s) 香港 / 曼谷素萬那普,,"baggage_carry_on_weight_kg,baggage_checked_pieces,baggage_checked_weight_kg,price,transfer_count",mock-offer-fallback,2026-06-26T10:17:47+00:00
1ceece2fc698fc2e,new_offer,TSA-KNH,TSA,松山,松山,TW,🇹🇼,KNH,金門,金門,TW,🇹🇼,2026-07-20,CI992,CI,中華航空,中華航空,China Airlines,15940,TWD,20,1,7,0,,,直飛,,"baggage_carry_on_weight_kg,baggage_checked_pieces,baggage_checked_weight_kg,price,transfer_count",mock-offer-fallback,2026-06-26T10:17:47+00:00
9a1448db4cb350a0,new_offer,TSA-KNH,TSA,松山,松山,TW,🇹🇼,KNH,金門,金門,TW,🇹🇼,2026-07-20,IT258,IT,台灣虎航,台灣虎航,Tigerair Taiwan,9104,TWD,20,1,7,1,KIX,大阪關西,1 stop(s) 大阪關西,,"baggage_carry_on_weight_kg,baggage_checked_pieces,baggage_checked_weight_kg,price,transfer_count",mock-offer-fallback,2026-06-26T10:17:47+00:00
1d5b81b5dd8397f2,new_offer,TSA-KNH,TSA,松山,松山,TW,🇹🇼,KNH,金門,金門,TW,🇹🇼,2026-07-21,B7512,B7,立榮航空,立榮航空,UNI AIR,6450,TWD,0,0,7,1,KIX,大阪關西,1 stop(s) 大阪關西,,"baggage_carry_on_weight_kg,baggage_checked_pieces,baggage_checked_weight_kg,price,transfer_count",mock-offer-fallback,2026-06-26T10:17:47+00:00
bec8e271b46c5e9a,new_offer,TSA-KNH,TSA,松山,松山,TW,🇹🇼,KNH,金門,金門,TW,🇹🇼,2026-07-21,B7400,B7,立榮航空,立榮航空,UNI AIR,8487,TWD,23,1,10,1,HKG,香港,1 stop(s) 香港,,"baggage_carry_on_weight_kg,baggage_checked_pieces,baggage_checked_weight_kg,price,transfer_count",mock-offer-fallback,2026-06-26T10:17:47+00:00
23308e4364c34b40,new_offer,TSA-KNH,TSA,松山,松山,TW,🇹🇼,KNH,金門,金門,TW,🇹🇼,2026-07-22,BR126,BR,長榮航空,長榮航空,EVA Air,6484,TWD,23,1,7,2,"ICN,KIX",首爾仁川 / 大阪關西,2 stop(s) 首爾仁川 / 大阪關西,,"baggage_carry_on_weight_kg,baggage_checked_pieces,baggage_checked_weight_kg,price,transfer_count",mock-offer-fallback,2026-06-26T10:17:47+00:00
69f21f5fed0a0eb2,new_offer,TSA-KNH,TSA,松山,松山,TW,🇹🇼,KNH,金門,金門,TW,🇹🇼,2026-07-22,JX863,JX,星宇航空,星宇航空,STARLUX Airlines,10703,TWD,15,2,7,2,"NRT,ICN",東京成田 / 首爾仁川,2 stop(s) 東京成田 / 首爾仁川,,"baggage_carry_on_weight_kg,baggage_checked_pieces,baggage_checked_weight_kg,price,transfer_count",mock-offer-fallback,2026-06-26T10:17:47+00:00
0d067c254f3428b5,new_offer,TSA-KNH,TSA,松山,松山,TW,🇹🇼,KNH,金門,金門,TW,🇹🇼,2026-07-23,BR799,BR,長榮航空,長榮航空,EVA Air,10083,TWD,20,1,7,0,,,直飛,,"baggage_carry_on_weight_kg,baggage_checked_pieces,baggage_checked_weight_kg,price,transfer_count",mock-offer-fallback,2026-06-26T10:17:47+00:00
565fd38d3af4477c,new_offer,TSA-KNH,TSA,松山,松山,TW,🇹🇼,KNH,金門,金門,TW,🇹🇼,2026-07-23,BR115,BR,長榮航空,長榮航空,EVA Air,15826,TWD,20,2,10,0,,,直飛,,"baggage_carry_on_weight_kg,baggage_checked_pieces,baggage_checked_weight_kg,price,transfer_count",mock-offer-fallback,2026-06-26T10:17:47+00:00
68cc048e1592aa43,new_offer,TSA-KNH,TSA,松山,松山,TW,🇹🇼,KNH,金門,金門,TW,🇹🇼,2026-07-24,B7885,B7,立榮航空,立榮航空,UNI AIR,8816,TWD,0,0,7,2,"BKK,SIN",曼谷素萬那普 / 新加坡樟宜,2 stop(s) 曼谷素萬那普 / 新加坡樟宜,,"baggage_carry_on_weight_kg,baggage_checked_pieces,baggage_checked_weight_kg,price,transfer_count",mock-offer-fallback,2026-06-26T10:17:47+00:00
fb6c8042e94b6892,new_offer,TSA-KNH,TSA,松山,松山,TW,🇹🇼,KNH,金門,金門,TW,🇹🇼,2026-07-24,BR818,BR,長榮航空,長榮航空,EVA Air,6578,TWD,0,0,7,2,"SIN,ICN",新加坡樟宜 / 首爾仁川,2 stop(s) 新加坡樟宜 / 首爾仁川,,"baggage_carry_on_weight_kg,baggage_checked_pieces,baggage_checked_weight_kg,price,transfer_count",mock-offer-fallback,2026-06-26T10:17:47+00:00
ff4e6edb46bb7c16,new_offer,TSA-KNH,TSA,松山,松山,TW,🇹🇼,KNH,金門,金門,TW,🇹🇼,2026-07-25,IT850,IT,台灣虎航,台灣虎航,Tigerair Taiwan,7622,TWD,30,1,7,0,,,直飛,,"baggage_carry_on_weight_kg,baggage_checked_pieces,baggage_checked_weight_kg,price,transfer_count",mock-offer-fallback,2026-06-26T10:17:47+00:00
b4cc41c548131a98,new_offer,TSA-KNH,TSA,松山,松山,TW,🇹🇼,KNH,金門,金門,TW,🇹🇼,2026-07-25,AE696,AE,華信航空,華信航空,Mandarin Airlines,11636,TWD,0,0,10,2,"ICN,SIN",首爾仁川 / 新加坡樟宜,2 stop(s) 首爾仁川 / 新加坡樟宜,,"baggage_carry_on_weight_kg,baggage_checked_pieces,baggage_checked_weight_kg,price,transfer_count",mock-offer-fallback,2026-06-26T10:17:47+00:00
afd761d17638c378,new_offer,TSA-KNH,TSA,松山,松山,TW,🇹🇼,KNH,金門,金門,TW,🇹🇼,2026-07-26,B7555,B7,立榮航空,立榮航空,UNI AIR,9046,TWD,0,0,7,2,"HKG,ICN",香港 / 首爾仁川,2 stop(s) 香港 / 首爾仁川,,"baggage_carry_on_weight_kg,baggage_checked_pieces,baggage_checked_weight_kg,price,transfer_count",mock-offer-fallback,2026-06-26T10:17:47+00:00
196a44631cebe6db,new_offer,TSA-KNH,TSA,松山,松山,TW,🇹🇼,KNH,金門,金門,TW,🇹🇼,2026-07-26,IT519,IT,台灣虎航,台灣虎航,Tigerair Taiwan,9986,TWD,23,1,7,1,BKK,曼谷素萬那普,1 stop(s) 曼谷素萬那普,,"baggage_carry_on_weight_kg,baggage_checked_pieces,baggage_checked_weight_kg,price,transfer_count",mock-offer-fallback,2026-06-26T10:17:47+00:00
