id,route,origin,origin_name,origin_name_zh,origin_country,origin_flag,destination,destination_name,destination_name_zh,destination_country,destination_flag,departure_date,price,currency,flight_number,airline_id,airline_name,airline_name_zh,airline_name_en,departure_time,arrival_time,duration_minutes,transfer_count,baggage_checked_weight_kg,baggage_checked_pieces,baggage_carry_on_weight_kg,baggage_text,fare_brand,booking_url,airline_rule_status,airline_rule_source_url,change_rule,refund_rule,no_show_rule,source,fetched_at
26f18198a8ac81f5,TPE-HKG,TPE,桃園,桃園,TW,🇹🇼,HKG,香港,香港,HK,🇭🇰,2026-06-26,12670,TWD,JX957,JX,星宇航空,星宇航空,STARLUX Airlines,09:45,08:55,290,2,15,1,10,Checked baggage 15kg / 1 piece(s),Flex,,needs_verification,https://www.starlux-airlines.com/,unknown,unknown,unknown,mock-offer-fallback,2026-06-26T10:17:47+00:00
bb602a9257e1c497,TPE-HKG,TPE,桃園,桃園,TW,🇹🇼,HKG,香港,香港,HK,🇭🇰,2026-06-26,12878,TWD,BR478,BR,長榮航空,長榮航空,EVA Air,07:45,17:10,138,1,30,2,10,Checked baggage 30kg / 2 piece(s),Flex,,needs_verification,https://www.evaair.com/,unknown,unknown,unknown,mock-offer-fallback,2026-06-26T10:17:47+00:00
4f5389aacc31f2d7,TPE-ICN,TPE,桃園,桃園,TW,🇹🇼,ICN,首爾仁川,首爾仁川,KR,🇰🇷,2026-06-26,7727,TWD,AE804,AE,華信航空,華信航空,Mandarin Airlines,20:10,12:00,363,2,23,2,10,Checked baggage 23kg / 2 piece(s),Basic,,needs_verification,https://www.mandarin-airlines.com/,unknown,unknown,unknown,mock-offer-fallback,2026-06-26T10:17:47+00:00
fe2bfbc280e694d7,TPE-ICN,TPE,桃園,桃園,TW,🇹🇼,ICN,首爾仁川,首爾仁川,KR,🇰🇷,2026-06-26,11802,TWD,B7209,B7,立榮航空,立榮航空,UNI AIR,15:55,09:00,296,1,30,2,7,Checked baggage 30kg / 2 piece(s),Basic,,needs_verification,https://www.uniair.com.tw/,unknown,unknown,unknown,mock-offer-fallback,2026-06-26T10:17:47+00:00
525c837d5608b527,TPE-NRT,TPE,桃園,桃園,TW,🇹🇼,NRT,東京成田,東京成田,JP,🇯🇵,2026-06-26,12484,TWD,BR146,BR,長榮航空,長榮航空,EVA Air,11:55,22:30,146,0,23,2,10,Checked baggage 23kg / 2 piece(s),Flex,,needs_verification,https://www.evaair.com/,unknown,unknown,unknown,mock-offer-fallback,2026-06-26T10:17:47+00:00
c5526db5a79cda5c,TPE-NRT,TPE,桃園,桃園,TW,🇹🇼,NRT,東京成田,東京成田,JP,🇯🇵,2026-06-26,16021,TWD,JX894,JX,星宇航空,星宇航空,STARLUX Airlines,19:55,22:55,214,2,30,1,10,Checked baggage 30kg / 1 piece(s),Standard,,needs_verification,https://www.starlux-airlines.com/,unknown,unknown,unknown,mock-offer-fallback,2026-06-26T10:17:47+00:00
b9a4a418122f21c5,TSA-KNH,TSA,松山,松山,TW,🇹🇼,KNH,金門,金門,TW,🇹🇼,2026-06-26,5282,TWD,AE581,AE,華信航空,華信航空,Mandarin Airlines,09:10,09:30,194,1,20,2,7,Checked baggage 20kg / 2 piece(s),Basic,,needs_verification,https://www.mandarin-airlines.com/,unknown,unknown,unknown,mock-offer-fallback,2026-06-26T10:17:47+00:00
30d615c38e24ecd8,TSA-KNH,TSA,松山,松山,TW,🇹🇼,KNH,金門,金門,TW,🇹🇼,2026-06-26,7675,TWD,CI474,CI,中華航空,中華航空,China Airlines,21:30,16:20,169,1,0,0,7,No checked baggage,Basic,,needs_verification,https://www.china-airlines.com/,unknown,unknown,unknown,mock-offer-fallback,2026-06-26T10:17:47+00:00
b7e98167b46c68ce,TPE-HKG,TPE,桃園,桃園,TW,🇹🇼,HKG,香港,香港,HK,🇭🇰,2026-06-27,6624,TWD,BR928,BR,長榮航空,長榮航空,EVA Air,15:00,20:55,181,1,30,1,10,Checked baggage 30kg / 1 piece(s),Basic,,needs_verification,https://www.evaair.com/,unknown,unknown,unknown,mock-offer-fallback,2026-06-26T10:17:47+00:00
b9fe70b8e42f568f,TPE-HKG,TPE,桃園,桃園,TW,🇹🇼,HKG,香港,香港,HK,🇭🇰,2026-06-27,16013,TWD,JX936,JX,星宇航空,星宇航空,STARLUX Airlines,16:45,21:10,91,1,15,2,7,Checked baggage 15kg / 2 piece(s),Standard,,needs_verification,https://www.starlux-airlines.com/,unknown,unknown,unknown,mock-offer-fallback,2026-06-26T10:17:47+00:00
55da4f4698634f50,TPE-ICN,TPE,桃園,桃園,TW,🇹🇼,ICN,首爾仁川,首爾仁川,KR,🇰🇷,2026-06-27,4464,TWD,BR454,BR,長榮航空,長榮航空,EVA Air,18:55,22:10,208,1,20,1,7,Checked baggage 20kg / 1 piece(s),Basic,,needs_verification,https://www.evaair.com/,unknown,unknown,unknown,mock-offer-fallback,2026-06-26T10:17:47+00:00
c4a2f7d5cfda670a,TPE-ICN,TPE,桃園,桃園,TW,🇹🇼,ICN,首爾仁川,首爾仁川,KR,🇰🇷,2026-06-27,12664,TWD,CI903,CI,中華航空,中華航空,China Airlines,10:10,16:45,177,1,0,0,10,No checked baggage,Standard,,needs_verification,https://www.china-airlines.com/,unknown,unknown,unknown,mock-offer-fallback,2026-06-26T10:17:47+00:00
4e427fa74d919858,TPE-NRT,TPE,桃園,桃園,TW,🇹🇼,NRT,東京成田,東京成田,JP,🇯🇵,2026-06-27,6516,TWD,AE819,AE,華信航空,華信航空,Mandarin Airlines,19:55,09:55,414,2,15,1,7,Checked baggage 15kg / 1 piece(s),Basic,,needs_verification,https://www.mandarin-airlines.com/,unknown,unknown,unknown,mock-offer-fallback,2026-06-26T10:17:47+00:00
bf586520e5ce3214,TPE-NRT,TPE,桃園,桃園,TW,🇹🇼,NRT,東京成田,東京成田,JP,🇯🇵,2026-06-27,8830,TWD,CI515,CI,中華航空,中華航空,China Airlines,13:00,15:20,233,2,15,2,10,Checked baggage 15kg / 2 piece(s),Standard,,needs_verification,https://www.china-airlines.com/,unknown,unknown,unknown,mock-offer-fallback,2026-06-26T10:17:47+00:00
ef61a734b7d83df0,TSA-KNH,TSA,松山,松山,TW,🇹🇼,KNH,金門,金門,TW,🇹🇼,2026-06-27,5116,TWD,AE662,AE,華信航空,華信航空,Mandarin Airlines,16:10,17:00,172,0,0,0,7,No checked baggage,Basic,,needs_verification,https://www.mandarin-airlines.com/,unknown,unknown,unknown,mock-offer-fallback,2026-06-26T10:17:47+00:00
2f12fa60597ae06a,TSA-KNH,TSA,松山,松山,TW,🇹🇼,KNH,金門,金門,TW,🇹🇼,2026-06-27,12887,TWD,IT862,IT,台灣虎航,台灣虎航,Tigerair Taiwan,18:00,08:20,267,1,30,2,7,Checked baggage 30kg / 2 piece(s),Flex,,needs_verification,https://www.tigerairtw.com/,unknown,unknown,unknown,mock-offer-fallback,2026-06-26T10:17:47+00:00
312ba75a7131e76f,TPE-HKG,TPE,桃園,桃園,TW,🇹🇼,HKG,香港,香港,HK,🇭🇰,2026-06-28,6730,TWD,AE908,AE,華信航空,華信航空,Mandarin Airlines,17:45,13:10,239,0,23,1,7,Checked baggage 23kg / 1 piece(s),Standard,,needs_verification,https://www.mandarin-airlines.com/,unknown,unknown,unknown,mock-offer-fallback,2026-06-26T10:17:47+00:00
153163dd5ce210c1,TPE-HKG,TPE,桃園,桃園,TW,🇹🇼,HKG,香港,香港,HK,🇭🇰,2026-06-28,8216,TWD,IT549,IT,台灣虎航,台灣虎航,Tigerair Taiwan,08:00,22:20,227,0,0,0,7,No checked baggage,Basic,,needs_verification,https://www.tigerairtw.com/,unknown,unknown,unknown,mock-offer-fallback,2026-06-26T10:17:47+00:00
4575814104ba123e,TPE-ICN,TPE,桃園,桃園,TW,🇹🇼,ICN,首爾仁川,首爾仁川,KR,🇰🇷,2026-06-28,4207,TWD,IT918,IT,台灣虎航,台灣虎航,Tigerair Taiwan,12:00,16:10,172,2,0,0,7,No checked baggage,Standard,,needs_verification,https://www.tigerairtw.com/,unknown,unknown,unknown,mock-offer-fallback,2026-06-26T10:17:47+00:00
962a93c7a8275be9,TPE-ICN,TPE,桃園,桃園,TW,🇹🇼,ICN,首爾仁川,首爾仁川,KR,🇰🇷,2026-06-28,10773,TWD,CI356,CI,中華航空,中華航空,China Airlines,06:55,18:00,410,2,0,0,7,No checked baggage,Standard,,needs_verification,https://www.china-airlines.com/,unknown,unknown,unknown,mock-offer-fallback,2026-06-26T10:17:47+00:00
ed115bd2d7ecaa6b,TPE-NRT,TPE,桃園,桃園,TW,🇹🇼,NRT,東京成田,東京成田,JP,🇯🇵,2026-06-28,9966,TWD,IT834,IT,台灣虎航,台灣虎航,Tigerair Taiwan,06:45,12:30,332,1,15,2,10,Checked baggage 15kg / 2 piece(s),Basic,,needs_verification,https://www.tigerairtw.com/,unknown,unknown,unknown,mock-offer-fallback,2026-06-26T10:17:47+00:00
369d856fcc547f9d,TPE-NRT,TPE,桃園,桃園,TW,🇹🇼,NRT,東京成田,東京成田,JP,🇯🇵,2026-06-28,14653,TWD,CI588,CI,中華航空,中華航空,China Airlines,14:30,21:00,412,0,20,1,7,Checked baggage 20kg / 1 piece(s),Standard,,needs_verification,https://www.china-airlines.com/,unknown,unknown,unknown,mock-offer-fallback,2026-06-26T10:17:47+00:00
c193b2e8f4e1a02d,TSA-KNH,TSA,松山,松山,TW,🇹🇼,KNH,金門,金門,TW,🇹🇼,2026-06-28,7775,TWD,IT909,IT,台灣虎航,台灣虎航,Tigerair Taiwan,12:20,08:00,155,0,15,2,10,Checked baggage 15kg / 2 piece(s),Flex,,needs_verification,https://www.tigerairtw.com/,unknown,unknown,unknown,mock-offer-fallback,2026-06-26T10:17:47+00:00
40b33ed5e926b2e8,TSA-KNH,TSA,松山,松山,TW,🇹🇼,KNH,金門,金門,TW,🇹🇼,2026-06-28,9054,TWD,CI782,CI,中華航空,中華航空,China Airlines,08:30,14:45,399,0,20,2,7,Checked baggage 20kg / 2 piece(s),Standard,,needs_verification,https://www.china-airlines.com/,unknown,unknown,unknown,mock-offer-fallback,2026-06-26T10:17:47+00:00
2305eaac3bf06aa0,TPE-HKG,TPE,桃園,桃園,TW,🇹🇼,HKG,香港,香港,HK,🇭🇰,2026-06-29,11295,TWD,JX115,JX,星宇航空,星宇航空,STARLUX Airlines,06:30,21:55,98,1,0,0,7,No checked baggage,Basic,,needs_verification,https://www.starlux-airlines.com/,unknown,unknown,unknown,mock-offer-fallback,2026-06-26T10:17:47+00:00
2e084626670f6749,TPE-HKG,TPE,桃園,桃園,TW,🇹🇼,HKG,香港,香港,HK,🇭🇰,2026-06-29,12687,TWD,B7902,B7,立榮航空,立榮航空,UNI AIR,10:45,20:30,217,0,20,1,10,Checked baggage 20kg / 1 piece(s),Basic,,needs_verification,https://www.uniair.com.tw/,unknown,unknown,unknown,mock-offer-fallback,2026-06-26T10:17:47+00:00
0147e873c2c827b8,TPE-ICN,TPE,桃園,桃園,TW,🇹🇼,ICN,首爾仁川,首爾仁川,KR,🇰🇷,2026-06-29,9687,TWD,IT933,IT,台灣虎航,台灣虎航,Tigerair Taiwan,17:00,19:20,382,0,0,0,10,No checked baggage,Standard,,needs_verification,https://www.tigerairtw.com/,unknown,unknown,unknown,mock-offer-fallback,2026-06-26T10:17:47+00:00
05295d36adfea511,TPE-ICN,TPE,桃園,桃園,TW,🇹🇼,ICN,首爾仁川,首爾仁川,KR,🇰🇷,2026-06-29,12090,TWD,B7245,B7,立榮航空,立榮航空,UNI AIR,21:30,23:20,264,0,20,1,10,Checked baggage 20kg / 1 piece(s),Flex,,needs_verification,https://www.uniair.com.tw/,unknown,unknown,unknown,mock-offer-fallback,2026-06-26T10:17:47+00:00
ed74fe0088ff91e4,TPE-NRT,TPE,桃園,桃園,TW,🇹🇼,NRT,東京成田,東京成田,JP,🇯🇵,2026-06-29,10548,TWD,IT287,IT,台灣虎航,台灣虎航,Tigerair Taiwan,16:10,12:30,369,0,0,0,10,No checked baggage,Standard,,needs_verification,https://www.tigerairtw.com/,unknown,unknown,unknown,mock-offer-fallback,2026-06-26T10:17:47+00:00
99e5e777dbda30bf,TPE-NRT,TPE,桃園,桃園,TW,🇹🇼,NRT,東京成田,東京成田,JP,🇯🇵,2026-06-29,13306,TWD,AE620,AE,華信航空,華信航空,Mandarin Airlines,12:30,14:55,419,2,23,1,7,Checked baggage 23kg / 1 piece(s),Basic,,needs_verification,https://www.mandarin-airlines.com/,unknown,unknown,unknown,mock-offer-fallback,2026-06-26T10:17:47+00:00
f556521df55f5dfd,TSA-KNH,TSA,松山,松山,TW,🇹🇼,KNH,金門,金門,TW,🇹🇼,2026-06-29,7124,TWD,CI973,CI,中華航空,中華航空,China Airlines,18:45,15:55,120,1,20,2,7,Checked baggage 20kg / 2 piece(s),Basic,,needs_verification,https://www.china-airlines.com/,unknown,unknown,unknown,mock-offer-fallback,2026-06-26T10:17:47+00:00
acea06e927b7e5e0,TSA-KNH,TSA,松山,松山,TW,🇹🇼,KNH,金門,金門,TW,🇹🇼,2026-06-29,15520,TWD,IT520,IT,台灣虎航,台灣虎航,Tigerair Taiwan,07:00,09:10,365,0,23,2,7,Checked baggage 23kg / 2 piece(s),Standard,,needs_verification,https://www.tigerairtw.com/,unknown,unknown,unknown,mock-offer-fallback,2026-06-26T10:17:47+00:00
faac933ec2882884,TPE-HKG,TPE,桃園,桃園,TW,🇹🇼,HKG,香港,香港,HK,🇭🇰,2026-06-30,7718,TWD,IT661,IT,台灣虎航,台灣虎航,Tigerair Taiwan,12:45,13:10,301,0,30,1,10,Checked baggage 30kg / 1 piece(s),Flex,,needs_verification,https://www.tigerairtw.com/,unknown,unknown,unknown,mock-offer-fallback,2026-06-26T10:17:47+00:00
acf79d59162a2c95,TPE-HKG,TPE,桃園,桃園,TW,🇹🇼,HKG,香港,香港,HK,🇭🇰,2026-06-30,12376,TWD,CI577,CI,中華航空,中華航空,China Airlines,20:20,17:20,361,1,15,1,10,Checked baggage 15kg / 1 piece(s),Standard,,needs_verification,https://www.china-airlines.com/,unknown,unknown,unknown,mock-offer-fallback,2026-06-26T10:17:47+00:00
273c9961370688ed,TPE-ICN,TPE,桃園,桃園,TW,🇹🇼,ICN,首爾仁川,首爾仁川,KR,🇰🇷,2026-06-30,10029,TWD,JX763,JX,星宇航空,星宇航空,STARLUX Airlines,12:55,10:10,391,0,23,1,7,Checked baggage 23kg / 1 piece(s),Basic,,needs_verification,https://www.starlux-airlines.com/,unknown,unknown,unknown,mock-offer-fallback,2026-06-26T10:17:47+00:00
038677f44737514e,TPE-ICN,TPE,桃園,桃園,TW,🇹🇼,ICN,首爾仁川,首爾仁川,KR,🇰🇷,2026-06-30,10486,TWD,AE784,AE,華信航空,華信航空,Mandarin Airlines,06:55,09:10,107,1,23,1,7,Checked baggage 23kg / 1 piece(s),Basic,,needs_verification,https://www.mandarin-airlines.com/,unknown,unknown,unknown,mock-offer-fallback,2026-06-26T10:17:47+00:00
0d70fc49de2f97db,TPE-NRT,TPE,桃園,桃園,TW,🇹🇼,NRT,東京成田,東京成田,JP,🇯🇵,2026-06-30,10629,TWD,AE774,AE,華信航空,華信航空,Mandarin Airlines,10:30,16:30,418,0,15,1,7,Checked baggage 15kg / 1 piece(s),Basic,,needs_verification,https://www.mandarin-airlines.com/,unknown,unknown,unknown,mock-offer-fallback,2026-06-26T10:17:47+00:00
f13eba7e158c9104,TPE-NRT,TPE,桃園,桃園,TW,🇹🇼,NRT,東京成田,東京成田,JP,🇯🇵,2026-06-30,12015,TWD,IT202,IT,台灣虎航,台灣虎航,Tigerair Taiwan,08:30,12:10,349,1,20,1,7,Checked baggage 20kg / 1 piece(s),Basic,,needs_verification,https://www.tigerairtw.com/,unknown,unknown,unknown,mock-offer-fallback,2026-06-26T10:17:47+00:00
48233b1cbebef68f,TSA-KNH,TSA,松山,松山,TW,🇹🇼,KNH,金門,金門,TW,🇹🇼,2026-06-30,11335,TWD,CI212,CI,中華航空,中華航空,China Airlines,16:20,19:00,378,1,0,0,7,No checked baggage,Basic,,needs_verification,https://www.china-airlines.com/,unknown,unknown,unknown,mock-offer-fallback,2026-06-26T10:17:47+00:00
13b2d9ba4139f6bb,TSA-KNH,TSA,松山,松山,TW,🇹🇼,KNH,金門,金門,TW,🇹🇼,2026-06-30,12975,TWD,B7804,B7,立榮航空,立榮航空,UNI AIR,14:55,22:45,308,1,0,0,7,No checked baggage,Standard,,needs_verification,https://www.uniair.com.tw/,unknown,unknown,unknown,mock-offer-fallback,2026-06-26T10:17:47+00:00
a79cccb6217e25ac,TPE-HKG,TPE,桃園,桃園,TW,🇹🇼,HKG,香港,香港,HK,🇭🇰,2026-07-01,10827,TWD,B7461,B7,立榮航空,立榮航空,UNI AIR,10:20,18:45,185,0,15,2,7,Checked baggage 15kg / 2 piece(s),Basic,,needs_verification,https://www.uniair.com.tw/,unknown,unknown,unknown,mock-offer-fallback,2026-06-26T10:17:47+00:00
dbb296f85ff4540e,TPE-HKG,TPE,桃園,桃園,TW,🇹🇼,HKG,香港,香港,HK,🇭🇰,2026-07-01,13092,TWD,BR856,BR,長榮航空,長榮航空,EVA Air,22:20,20:20,149,2,15,1,7,Checked baggage 15kg / 1 piece(s),Flex,,needs_verification,https://www.evaair.com/,unknown,unknown,unknown,mock-offer-fallback,2026-06-26T10:17:47+00:00
4751150e2a5c2329,TPE-ICN,TPE,桃園,桃園,TW,🇹🇼,ICN,首爾仁川,首爾仁川,KR,🇰🇷,2026-07-01,6766,TWD,AE498,AE,華信航空,華信航空,Mandarin Airlines,11:00,22:10,308,0,20,1,10,Checked baggage 20kg / 1 piece(s),Basic,,needs_verification,https://www.mandarin-airlines.com/,unknown,unknown,unknown,mock-offer-fallback,2026-06-26T10:17:47+00:00
2b1a1ddaaf32d429,TPE-ICN,TPE,桃園,桃園,TW,🇹🇼,ICN,首爾仁川,首爾仁川,KR,🇰🇷,2026-07-01,9517,TWD,AE265,AE,華信航空,華信航空,Mandarin Airlines,17:30,22:30,399,0,30,2,10,Checked baggage 30kg / 2 piece(s),Standard,,needs_verification,https://www.mandarin-airlines.com/,unknown,unknown,unknown,mock-offer-fallback,2026-06-26T10:17:47+00:00
adb2a55a947e0f2e,TPE-NRT,TPE,桃園,桃園,TW,🇹🇼,NRT,東京成田,東京成田,JP,🇯🇵,2026-07-01,10727,TWD,CI665,CI,中華航空,中華航空,China Airlines,12:10,21:20,101,2,20,2,7,Checked baggage 20kg / 2 piece(s),Basic,,needs_verification,https://www.china-airlines.com/,unknown,unknown,unknown,mock-offer-fallback,2026-06-26T10:17:47+00:00
b3cae15bedcfe26f,TPE-NRT,TPE,桃園,桃園,TW,🇹🇼,NRT,東京成田,東京成田,JP,🇯🇵,2026-07-01,11310,TWD,JX640,JX,星宇航空,星宇航空,STARLUX Airlines,08:10,08:10,89,0,23,1,7,Checked baggage 23kg / 1 piece(s),Basic,,needs_verification,https://www.starlux-airlines.com/,unknown,unknown,unknown,mock-offer-fallback,2026-06-26T10:17:47+00:00
65b225a1fc6861df,TSA-KNH,TSA,松山,松山,TW,🇹🇼,KNH,金門,金門,TW,🇹🇼,2026-07-01,7684,TWD,BR987,BR,長榮航空,長榮航空,EVA Air,16:20,23:00,234,0,20,2,7,Checked baggage 20kg / 2 piece(s),Standard,,needs_verification,https://www.evaair.com/,unknown,unknown,unknown,mock-offer-fallback,2026-06-26T10:17:47+00:00
2e08e69c3594a9b8,TSA-KNH,TSA,松山,松山,TW,🇹🇼,KNH,金門,金門,TW,🇹🇼,2026-07-01,11824,TWD,AE254,AE,華信航空,華信航空,Mandarin Airlines,17:55,16:20,283,1,0,0,7,No checked baggage,Standard,,needs_verification,https://www.mandarin-airlines.com/,unknown,unknown,unknown,mock-offer-fallback,2026-06-26T10:17:47+00:00
fe02cbcf81375dcf,TPE-HKG,TPE,桃園,桃園,TW,🇹🇼,HKG,香港,香港,HK,🇭🇰,2026-07-02,6216,TWD,IT730,IT,台灣虎航,台灣虎航,Tigerair Taiwan,19:30,18:45,239,0,23,1,10,Checked baggage 23kg / 1 piece(s),Basic,,needs_verification,https://www.tigerairtw.com/,unknown,unknown,unknown,mock-offer-fallback,2026-06-26T10:17:47+00:00
a3801c3fafca18d8,TPE-HKG,TPE,桃園,桃園,TW,🇹🇼,HKG,香港,香港,HK,🇭🇰,2026-07-02,9861,TWD,CI234,CI,中華航空,中華航空,China Airlines,11:30,12:00,282,1,30,2,10,Checked baggage 30kg / 2 piece(s),Standard,,needs_verification,https://www.china-airlines.com/,unknown,unknown,unknown,mock-offer-fallback,2026-06-26T10:17:47+00:00
c18342b09bc3be43,TPE-ICN,TPE,桃園,桃園,TW,🇹🇼,ICN,首爾仁川,首爾仁川,KR,🇰🇷,2026-07-02,4412,TWD,JX803,JX,星宇航空,星宇航空,STARLUX Airlines,11:55,10:55,181,0,15,2,10,Checked baggage 15kg / 2 piece(s),Basic,,needs_verification,https://www.starlux-airlines.com/,unknown,unknown,unknown,mock-offer-fallback,2026-06-26T10:17:47+00:00
f96cebfdeaf03d81,TPE-ICN,TPE,桃園,桃園,TW,🇹🇼,ICN,首爾仁川,首爾仁川,KR,🇰🇷,2026-07-02,14912,TWD,B7280,B7,立榮航空,立榮航空,UNI AIR,10:20,20:45,391,1,23,2,10,Checked baggage 23kg / 2 piece(s),Flex,,needs_verification,https://www.uniair.com.tw/,unknown,unknown,unknown,mock-offer-fallback,2026-06-26T10:17:47+00:00
64bd677543959fc4,TPE-NRT,TPE,桃園,桃園,TW,🇹🇼,NRT,東京成田,東京成田,JP,🇯🇵,2026-07-02,9543,TWD,IT150,IT,台灣虎航,台灣虎航,Tigerair Taiwan,21:20,14:30,236,1,23,2,7,Checked baggage 23kg / 2 piece(s),Basic,,needs_verification,https://www.tigerairtw.com/,unknown,unknown,unknown,mock-offer-fallback,2026-06-26T10:17:47+00:00
115d4a5bcc6f6e2b,TPE-NRT,TPE,桃園,桃園,TW,🇹🇼,NRT,東京成田,東京成田,JP,🇯🇵,2026-07-02,10135,TWD,BR476,BR,長榮航空,長榮航空,EVA Air,15:10,21:10,373,1,23,2,7,Checked baggage 23kg / 2 piece(s),Standard,,needs_verification,https://www.evaair.com/,unknown,unknown,unknown,mock-offer-fallback,2026-06-26T10:17:47+00:00
0a9d13c1ed64291e,TSA-KNH,TSA,松山,松山,TW,🇹🇼,KNH,金門,金門,TW,🇹🇼,2026-07-02,10503,TWD,BR403,BR,長榮航空,長榮航空,EVA Air,14:45,13:10,174,1,30,2,7,Checked baggage 30kg / 2 piece(s),Standard,,needs_verification,https://www.evaair.com/,unknown,unknown,unknown,mock-offer-fallback,2026-06-26T10:17:47+00:00
6cc6e5e999d3dded,TSA-KNH,TSA,松山,松山,TW,🇹🇼,KNH,金門,金門,TW,🇹🇼,2026-07-02,12873,TWD,IT283,IT,台灣虎航,台灣虎航,Tigerair Taiwan,14:30,09:00,346,0,30,1,10,Checked baggage 30kg / 1 piece(s),Basic,,needs_verification,https://www.tigerairtw.com/,unknown,unknown,unknown,mock-offer-fallback,2026-06-26T10:17:47+00:00
870a06b72eaba132,TPE-HKG,TPE,桃園,桃園,TW,🇹🇼,HKG,香港,香港,HK,🇭🇰,2026-07-03,5508,TWD,B7934,B7,立榮航空,立榮航空,UNI AIR,07:30,16:30,200,1,30,1,7,Checked baggage 30kg / 1 piece(s),Standard,,needs_verification,https://www.uniair.com.tw/,unknown,unknown,unknown,mock-offer-fallback,2026-06-26T10:17:47+00:00
11a7712dd0d075bc,TPE-HKG,TPE,桃園,桃園,TW,🇹🇼,HKG,香港,香港,HK,🇭🇰,2026-07-03,10530,TWD,AE793,AE,華信航空,華信航空,Mandarin Airlines,09:00,21:30,276,1,20,1,10,Checked baggage 20kg / 1 piece(s),Standard,,needs_verification,https://www.mandarin-airlines.com/,unknown,unknown,unknown,mock-offer-fallback,2026-06-26T10:17:47+00:00
7265d41918d2b4a2,TPE-ICN,TPE,桃園,桃園,TW,🇹🇼,ICN,首爾仁川,首爾仁川,KR,🇰🇷,2026-07-03,10823,TWD,AE404,AE,華信航空,華信航空,Mandarin Airlines,06:00,15:10,206,1,23,2,10,Checked baggage 23kg / 2 piece(s),Standard,,needs_verification,https://www.mandarin-airlines.com/,unknown,unknown,unknown,mock-offer-fallback,2026-06-26T10:17:47+00:00
ff3ce4ad5c3ff8ac,TPE-ICN,TPE,桃園,桃園,TW,🇹🇼,ICN,首爾仁川,首爾仁川,KR,🇰🇷,2026-07-03,14604,TWD,JX218,JX,星宇航空,星宇航空,STARLUX Airlines,16:55,08:30,384,2,20,1,7,Checked baggage 20kg / 1 piece(s),Standard,,needs_verification,https://www.starlux-airlines.com/,unknown,unknown,unknown,mock-offer-fallback,2026-06-26T10:17:47+00:00
e17219dac8f33a41,TPE-NRT,TPE,桃園,桃園,TW,🇹🇼,NRT,東京成田,東京成田,JP,🇯🇵,2026-07-03,15262,TWD,CI560,CI,中華航空,中華航空,China Airlines,20:10,16:20,416,0,20,2,10,Checked baggage 20kg / 2 piece(s),Standard,,needs_verification,https://www.china-airlines.com/,unknown,unknown,unknown,mock-offer-fallback,2026-06-26T10:17:47+00:00
71fdfaff265bf717,TPE-NRT,TPE,桃園,桃園,TW,🇹🇼,NRT,東京成田,東京成田,JP,🇯🇵,2026-07-03,15788,TWD,BR845,BR,長榮航空,長榮航空,EVA Air,13:30,22:10,145,2,30,1,10,Checked baggage 30kg / 1 piece(s),Standard,,needs_verification,https://www.evaair.com/,unknown,unknown,unknown,mock-offer-fallback,2026-06-26T10:17:47+00:00
2fb2b243a140150a,TSA-KNH,TSA,松山,松山,TW,🇹🇼,KNH,金門,金門,TW,🇹🇼,2026-07-03,4920,TWD,B7602,B7,立榮航空,立榮航空,UNI AIR,14:30,18:00,265,1,23,1,7,Checked baggage 23kg / 1 piece(s),Flex,,needs_verification,https://www.uniair.com.tw/,unknown,unknown,unknown,mock-offer-fallback,2026-06-26T10:17:47+00:00
990ff545f4e91cf2,TSA-KNH,TSA,松山,松山,TW,🇹🇼,KNH,金門,金門,TW,🇹🇼,2026-07-03,10584,TWD,B7261,B7,立榮航空,立榮航空,UNI AIR,21:20,23:20,87,0,23,1,10,Checked baggage 23kg / 1 piece(s),Basic,,needs_verification,https://www.uniair.com.tw/,unknown,unknown,unknown,mock-offer-fallback,2026-06-26T10:17:47+00:00
40690d928ad18186,TPE-HKG,TPE,桃園,桃園,TW,🇹🇼,HKG,香港,香港,HK,🇭🇰,2026-07-04,7604,TWD,AE790,AE,華信航空,華信航空,Mandarin Airlines,20:10,10:10,335,1,23,1,7,Checked baggage 23kg / 1 piece(s),Flex,,needs_verification,https://www.mandarin-airlines.com/,unknown,unknown,unknown,mock-offer-fallback,2026-06-26T10:17:47+00:00
fddb493eb78b515e,TPE-HKG,TPE,桃園,桃園,TW,🇹🇼,HKG,香港,香港,HK,🇭🇰,2026-07-04,10793,TWD,AE642,AE,華信航空,華信航空,Mandarin Airlines,08:30,21:10,201,2,30,2,10,Checked baggage 30kg / 2 piece(s),Basic,,needs_verification,https://www.mandarin-airlines.com/,unknown,unknown,unknown,mock-offer-fallback,2026-06-26T10:17:47+00:00
4a38e08412829a5d,TPE-ICN,TPE,桃園,桃園,TW,🇹🇼,ICN,首爾仁川,首爾仁川,KR,🇰🇷,2026-07-04,7927,TWD,BR853,BR,長榮航空,長榮航空,EVA Air,16:10,15:10,154,2,30,2,10,Checked baggage 30kg / 2 piece(s),Standard,,needs_verification,https://www.evaair.com/,unknown,unknown,unknown,mock-offer-fallback,2026-06-26T10:17:47+00:00
bc92a70f24f5ee23,TPE-ICN,TPE,桃園,桃園,TW,🇹🇼,ICN,首爾仁川,首爾仁川,KR,🇰🇷,2026-07-04,10563,TWD,B7490,B7,立榮航空,立榮航空,UNI AIR,14:00,18:20,120,0,0,0,7,No checked baggage,Basic,,needs_verification,https://www.uniair.com.tw/,unknown,unknown,unknown,mock-offer-fallback,2026-06-26T10:17:47+00:00
c35327538c55792f,TPE-NRT,TPE,桃園,桃園,TW,🇹🇼,NRT,東京成田,東京成田,JP,🇯🇵,2026-07-04,5247,TWD,IT462,IT,台灣虎航,台灣虎航,Tigerair Taiwan,17:45,12:20,258,1,30,1,7,Checked baggage 30kg / 1 piece(s),Standard,,needs_verification,https://www.tigerairtw.com/,unknown,unknown,unknown,mock-offer-fallback,2026-06-26T10:17:47+00:00
11f3daf9381bf6e0,TPE-NRT,TPE,桃園,桃園,TW,🇹🇼,NRT,東京成田,東京成田,JP,🇯🇵,2026-07-04,12211,TWD,JX194,JX,星宇航空,星宇航空,STARLUX Airlines,20:30,10:30,144,0,15,1,7,Checked baggage 15kg / 1 piece(s),Standard,,needs_verification,https://www.starlux-airlines.com/,unknown,unknown,unknown,mock-offer-fallback,2026-06-26T10:17:47+00:00
69067a39798be946,TSA-KNH,TSA,松山,松山,TW,🇹🇼,KNH,金門,金門,TW,🇹🇼,2026-07-04,5328,TWD,AE204,AE,華信航空,華信航空,Mandarin Airlines,21:00,11:30,302,2,0,0,10,No checked baggage,Flex,,needs_verification,https://www.mandarin-airlines.com/,unknown,unknown,unknown,mock-offer-fallback,2026-06-26T10:17:47+00:00
9fcd62ec1c93cde7,TSA-KNH,TSA,松山,松山,TW,🇹🇼,KNH,金門,金門,TW,🇹🇼,2026-07-04,14534,TWD,B7122,B7,立榮航空,立榮航空,UNI AIR,12:45,10:20,366,1,15,1,7,Checked baggage 15kg / 1 piece(s),Basic,,needs_verification,https://www.uniair.com.tw/,unknown,unknown,unknown,mock-offer-fallback,2026-06-26T10:17:47+00:00
56429d8b86b6b125,TPE-HKG,TPE,桃園,桃園,TW,🇹🇼,HKG,香港,香港,HK,🇭🇰,2026-07-05,5060,TWD,CI558,CI,中華航空,中華航空,China Airlines,09:20,17:10,143,0,15,2,7,Checked baggage 15kg / 2 piece(s),Flex,,needs_verification,https://www.china-airlines.com/,unknown,unknown,unknown,mock-offer-fallback,2026-06-26T10:17:47+00:00
4f9a23c2edf7d86e,TPE-HKG,TPE,桃園,桃園,TW,🇹🇼,HKG,香港,香港,HK,🇭🇰,2026-07-05,12497,TWD,AE839,AE,華信航空,華信航空,Mandarin Airlines,17:20,11:45,108,0,0,0,10,No checked baggage,Standard,,needs_verification,https://www.mandarin-airlines.com/,unknown,unknown,unknown,mock-offer-fallback,2026-06-26T10:17:47+00:00
6bf92978c29d528d,TPE-ICN,TPE,桃園,桃園,TW,🇹🇼,ICN,首爾仁川,首爾仁川,KR,🇰🇷,2026-07-05,9893,TWD,BR746,BR,長榮航空,長榮航空,EVA Air,13:55,12:30,339,1,30,2,7,Checked baggage 30kg / 2 piece(s),Basic,,needs_verification,https://www.evaair.com/,unknown,unknown,unknown,mock-offer-fallback,2026-06-26T10:17:47+00:00
c3721b596d5e729c,TPE-ICN,TPE,桃園,桃園,TW,🇹🇼,ICN,首爾仁川,首爾仁川,KR,🇰🇷,2026-07-05,11311,TWD,IT232,IT,台灣虎航,台灣虎航,Tigerair Taiwan,21:30,16:00,366,0,0,0,10,No checked baggage,Basic,,needs_verification,https://www.tigerairtw.com/,unknown,unknown,unknown,mock-offer-fallback,2026-06-26T10:17:47+00:00
76912939605e198d,TPE-NRT,TPE,桃園,桃園,TW,🇹🇼,NRT,東京成田,東京成田,JP,🇯🇵,2026-07-05,5311,TWD,JX339,JX,星宇航空,星宇航空,STARLUX Airlines,15:30,11:45,276,0,0,0,10,No checked baggage,Flex,,needs_verification,https://www.starlux-airlines.com/,unknown,unknown,unknown,mock-offer-fallback,2026-06-26T10:17:47+00:00
e37ab6d5249c9ee7,TPE-NRT,TPE,桃園,桃園,TW,🇹🇼,NRT,東京成田,東京成田,JP,🇯🇵,2026-07-05,12043,TWD,BR722,BR,長榮航空,長榮航空,EVA Air,21:10,11:30,91,1,20,2,7,Checked baggage 20kg / 2 piece(s),Basic,,needs_verification,https://www.evaair.com/,unknown,unknown,unknown,mock-offer-fallback,2026-06-26T10:17:47+00:00
397532d8751152c4,TSA-KNH,TSA,松山,松山,TW,🇹🇼,KNH,金門,金門,TW,🇹🇼,2026-07-05,7433,TWD,CI462,CI,中華航空,中華航空,China Airlines,07:00,16:45,238,1,23,2,7,Checked baggage 23kg / 2 piece(s),Flex,,needs_verification,https://www.china-airlines.com/,unknown,unknown,unknown,mock-offer-fallback,2026-06-26T10:17:47+00:00
522a0ff1825314f7,TSA-KNH,TSA,松山,松山,TW,🇹🇼,KNH,金門,金門,TW,🇹🇼,2026-07-05,16083,TWD,AE156,AE,華信航空,華信航空,Mandarin Airlines,14:45,11:20,138,1,23,1,10,Checked baggage 23kg / 1 piece(s),Standard,,needs_verification,https://www.mandarin-airlines.com/,unknown,unknown,unknown,mock-offer-fallback,2026-06-26T10:17:47+00:00
f8514453fcdf5903,TPE-HKG,TPE,桃園,桃園,TW,🇹🇼,HKG,香港,香港,HK,🇭🇰,2026-07-06,13727,TWD,JX469,JX,星宇航空,星宇航空,STARLUX Airlines,21:45,11:55,270,0,30,1,7,Checked baggage 30kg / 1 piece(s),Flex,,needs_verification,https://www.starlux-airlines.com/,unknown,unknown,unknown,mock-offer-fallback,2026-06-26T10:17:47+00:00
b825b2bfcb07bacf,TPE-HKG,TPE,桃園,桃園,TW,🇹🇼,HKG,香港,香港,HK,🇭🇰,2026-07-06,16162,TWD,BR460,BR,長榮航空,長榮航空,EVA Air,19:10,19:00,333,0,30,1,10,Checked baggage 30kg / 1 piece(s),Basic,,needs_verification,https://www.evaair.com/,unknown,unknown,unknown,mock-offer-fallback,2026-06-26T10:17:47+00:00
8204e0c9f8ffddc2,TPE-ICN,TPE,桃園,桃園,TW,🇹🇼,ICN,首爾仁川,首爾仁川,KR,🇰🇷,2026-07-06,7385,TWD,JX947,JX,星宇航空,星宇航空,STARLUX Airlines,11:30,11:20,169,1,0,0,7,No checked baggage,Standard,,needs_verification,https://www.starlux-airlines.com/,unknown,unknown,unknown,mock-offer-fallback,2026-06-26T10:17:47+00:00
cd8509aab70b5e50,TPE-ICN,TPE,桃園,桃園,TW,🇹🇼,ICN,首爾仁川,首爾仁川,KR,🇰🇷,2026-07-06,15617,TWD,IT325,IT,台灣虎航,台灣虎航,Tigerair Taiwan,12:00,20:00,211,2,0,0,10,No checked baggage,Basic,,needs_verification,https://www.tigerairtw.com/,unknown,unknown,unknown,mock-offer-fallback,2026-06-26T10:17:47+00:00
962e13cb79257072,TPE-NRT,TPE,桃園,桃園,TW,🇹🇼,NRT,東京成田,東京成田,JP,🇯🇵,2026-07-06,4836,TWD,JX887,JX,星宇航空,星宇航空,STARLUX Airlines,08:55,10:30,398,1,0,0,7,No checked baggage,Flex,,needs_verification,https://www.starlux-airlines.com/,unknown,unknown,unknown,mock-offer-fallback,2026-06-26T10:17:47+00:00
65dc95ad6b463dc6,TPE-NRT,TPE,桃園,桃園,TW,🇹🇼,NRT,東京成田,東京成田,JP,🇯🇵,2026-07-06,11608,TWD,BR738,BR,長榮航空,長榮航空,EVA Air,18:10,11:00,319,0,30,2,7,Checked baggage 30kg / 2 piece(s),Basic,,needs_verification,https://www.evaair.com/,unknown,unknown,unknown,mock-offer-fallback,2026-06-26T10:17:47+00:00
c4ad591e64544fd9,TSA-KNH,TSA,松山,松山,TW,🇹🇼,KNH,金門,金門,TW,🇹🇼,2026-07-06,7335,TWD,AE726,AE,華信航空,華信航空,Mandarin Airlines,17:20,12:20,380,1,15,1,10,Checked baggage 15kg / 1 piece(s),Flex,,needs_verification,https://www.mandarin-airlines.com/,unknown,unknown,unknown,mock-offer-fallback,2026-06-26T10:17:47+00:00
3566030d8da1321c,TSA-KNH,TSA,松山,松山,TW,🇹🇼,KNH,金門,金門,TW,🇹🇼,2026-07-06,15065,TWD,B7683,B7,立榮航空,立榮航空,UNI AIR,17:55,13:10,176,1,15,2,7,Checked baggage 15kg / 2 piece(s),Standard,,needs_verification,https://www.uniair.com.tw/,unknown,unknown,unknown,mock-offer-fallback,2026-06-26T10:17:47+00:00
35c1329c6965027d,TPE-HKG,TPE,桃園,桃園,TW,🇹🇼,HKG,香港,香港,HK,🇭🇰,2026-07-07,7339,TWD,CI227,CI,中華航空,中華航空,China Airlines,17:10,17:00,242,0,20,1,10,Checked baggage 20kg / 1 piece(s),Flex,,needs_verification,https://www.china-airlines.com/,unknown,unknown,unknown,mock-offer-fallback,2026-06-26T10:17:47+00:00
6dd438b89aa28837,TPE-HKG,TPE,桃園,桃園,TW,🇹🇼,HKG,香港,香港,HK,🇭🇰,2026-07-07,9439,TWD,JX383,JX,星宇航空,星宇航空,STARLUX Airlines,20:45,17:30,129,0,23,1,7,Checked baggage 23kg / 1 piece(s),Basic,,needs_verification,https://www.starlux-airlines.com/,unknown,unknown,unknown,mock-offer-fallback,2026-06-26T10:17:47+00:00
64d2f1d8b6f19cd8,TPE-ICN,TPE,桃園,桃園,TW,🇹🇼,ICN,首爾仁川,首爾仁川,KR,🇰🇷,2026-07-07,9224,TWD,AE168,AE,華信航空,華信航空,Mandarin Airlines,12:55,23:00,271,0,23,2,7,Checked baggage 23kg / 2 piece(s),Standard,,needs_verification,https://www.mandarin-airlines.com/,unknown,unknown,unknown,mock-offer-fallback,2026-06-26T10:17:47+00:00
f7c722306f52ce95,TPE-ICN,TPE,桃園,桃園,TW,🇹🇼,ICN,首爾仁川,首爾仁川,KR,🇰🇷,2026-07-07,9546,TWD,B7930,B7,立榮航空,立榮航空,UNI AIR,11:00,21:20,299,2,0,0,7,No checked baggage,Flex,,needs_verification,https://www.uniair.com.tw/,unknown,unknown,unknown,mock-offer-fallback,2026-06-26T10:17:47+00:00
f4a8ddb34c7b0ccb,TPE-NRT,TPE,桃園,桃園,TW,🇹🇼,NRT,東京成田,東京成田,JP,🇯🇵,2026-07-07,10472,TWD,B7350,B7,立榮航空,立榮航空,UNI AIR,06:10,10:10,208,1,0,0,10,No checked baggage,Basic,,needs_verification,https://www.uniair.com.tw/,unknown,unknown,unknown,mock-offer-fallback,2026-06-26T10:17:47+00:00
137ee1525ae1ce9e,TPE-NRT,TPE,桃園,桃園,TW,🇹🇼,NRT,東京成田,東京成田,JP,🇯🇵,2026-07-07,13978,TWD,JX844,JX,星宇航空,星宇航空,STARLUX Airlines,20:30,23:55,203,0,20,1,7,Checked baggage 20kg / 1 piece(s),Basic,,needs_verification,https://www.starlux-airlines.com/,unknown,unknown,unknown,mock-offer-fallback,2026-06-26T10:17:47+00:00
2e0e2796b358cb1c,TSA-KNH,TSA,松山,松山,TW,🇹🇼,KNH,金門,金門,TW,🇹🇼,2026-07-07,4527,TWD,JX352,JX,星宇航空,星宇航空,STARLUX Airlines,11:30,22:45,343,1,23,1,7,Checked baggage 23kg / 1 piece(s),Basic,,needs_verification,https://www.starlux-airlines.com/,unknown,unknown,unknown,mock-offer-fallback,2026-06-26T10:17:47+00:00
32901327cc6c3f2b,TSA-KNH,TSA,松山,松山,TW,🇹🇼,KNH,金門,金門,TW,🇹🇼,2026-07-07,11870,TWD,B7756,B7,立榮航空,立榮航空,UNI AIR,07:20,14:10,100,1,20,1,7,Checked baggage 20kg / 1 piece(s),Flex,,needs_verification,https://www.uniair.com.tw/,unknown,unknown,unknown,mock-offer-fallback,2026-06-26T10:17:47+00:00
b5ed728680dc2b1b,TPE-HKG,TPE,桃園,桃園,TW,🇹🇼,HKG,香港,香港,HK,🇭🇰,2026-07-08,7885,TWD,JX131,JX,星宇航空,星宇航空,STARLUX Airlines,22:30,11:30,381,1,15,2,7,Checked baggage 15kg / 2 piece(s),Basic,,needs_verification,https://www.starlux-airlines.com/,unknown,unknown,unknown,mock-offer-fallback,2026-06-26T10:17:47+00:00
c4b458c68377982a,TPE-HKG,TPE,桃園,桃園,TW,🇹🇼,HKG,香港,香港,HK,🇭🇰,2026-07-08,12236,TWD,IT166,IT,台灣虎航,台灣虎航,Tigerair Taiwan,21:30,13:00,123,0,0,0,7,No checked baggage,Standard,,needs_verification,https://www.tigerairtw.com/,unknown,unknown,unknown,mock-offer-fallback,2026-06-26T10:17:47+00:00
37cd638fe7195ebc,TPE-ICN,TPE,桃園,桃園,TW,🇹🇼,ICN,首爾仁川,首爾仁川,KR,🇰🇷,2026-07-08,12635,TWD,BR144,BR,長榮航空,長榮航空,EVA Air,07:10,18:10,228,2,20,2,7,Checked baggage 20kg / 2 piece(s),Standard,,needs_verification,https://www.evaair.com/,unknown,unknown,unknown,mock-offer-fallback,2026-06-26T10:17:47+00:00
6173a57b4d6b69a6,TPE-ICN,TPE,桃園,桃園,TW,🇹🇼,ICN,首爾仁川,首爾仁川,KR,🇰🇷,2026-07-08,14089,TWD,AE831,AE,華信航空,華信航空,Mandarin Airlines,10:30,15:00,237,0,23,1,7,Checked baggage 23kg / 1 piece(s),Basic,,needs_verification,https://www.mandarin-airlines.com/,unknown,unknown,unknown,mock-offer-fallback,2026-06-26T10:17:47+00:00
b294c27637f5dfb9,TPE-NRT,TPE,桃園,桃園,TW,🇹🇼,NRT,東京成田,東京成田,JP,🇯🇵,2026-07-08,5009,TWD,B7115,B7,立榮航空,立榮航空,UNI AIR,20:55,18:55,182,0,15,1,10,Checked baggage 15kg / 1 piece(s),Basic,,needs_verification,https://www.uniair.com.tw/,unknown,unknown,unknown,mock-offer-fallback,2026-06-26T10:17:47+00:00
9b1dffce87ebef75,TPE-NRT,TPE,桃園,桃園,TW,🇹🇼,NRT,東京成田,東京成田,JP,🇯🇵,2026-07-08,11839,TWD,BR885,BR,長榮航空,長榮航空,EVA Air,17:20,14:45,168,0,23,1,10,Checked baggage 23kg / 1 piece(s),Standard,,needs_verification,https://www.evaair.com/,unknown,unknown,unknown,mock-offer-fallback,2026-06-26T10:17:47+00:00
8b20d65e1f614ee4,TSA-KNH,TSA,松山,松山,TW,🇹🇼,KNH,金門,金門,TW,🇹🇼,2026-07-08,6806,TWD,IT658,IT,台灣虎航,台灣虎航,Tigerair Taiwan,21:10,08:45,387,0,20,2,10,Checked baggage 20kg / 2 piece(s),Flex,,needs_verification,https://www.tigerairtw.com/,unknown,unknown,unknown,mock-offer-fallback,2026-06-26T10:17:47+00:00
f2144f41241ea3c5,TSA-KNH,TSA,松山,松山,TW,🇹🇼,KNH,金門,金門,TW,🇹🇼,2026-07-08,8734,TWD,AE789,AE,華信航空,華信航空,Mandarin Airlines,16:00,08:30,306,0,0,0,10,No checked baggage,Flex,,needs_verification,https://www.mandarin-airlines.com/,unknown,unknown,unknown,mock-offer-fallback,2026-06-26T10:17:47+00:00
8b2ed294676dbffa,TPE-HKG,TPE,桃園,桃園,TW,🇹🇼,HKG,香港,香港,HK,🇭🇰,2026-07-09,6121,TWD,JX615,JX,星宇航空,星宇航空,STARLUX Airlines,13:20,22:30,142,2,30,2,10,Checked baggage 30kg / 2 piece(s),Basic,,needs_verification,https://www.starlux-airlines.com/,unknown,unknown,unknown,mock-offer-fallback,2026-06-26T10:17:47+00:00
5c60713d84e9d264,TPE-HKG,TPE,桃園,桃園,TW,🇹🇼,HKG,香港,香港,HK,🇭🇰,2026-07-09,9385,TWD,JX782,JX,星宇航空,星宇航空,STARLUX Airlines,08:00,10:45,271,1,15,2,10,Checked baggage 15kg / 2 piece(s),Standard,,needs_verification,https://www.starlux-airlines.com/,unknown,unknown,unknown,mock-offer-fallback,2026-06-26T10:17:47+00:00
c5e2739bf9349786,TPE-ICN,TPE,桃園,桃園,TW,🇹🇼,ICN,首爾仁川,首爾仁川,KR,🇰🇷,2026-07-09,11270,TWD,AE850,AE,華信航空,華信航空,Mandarin Airlines,11:10,16:00,224,1,15,1,10,Checked baggage 15kg / 1 piece(s),Flex,,needs_verification,https://www.mandarin-airlines.com/,unknown,unknown,unknown,mock-offer-fallback,2026-06-26T10:17:47+00:00
05fc817dfb8ff081,TPE-ICN,TPE,桃園,桃園,TW,🇹🇼,ICN,首爾仁川,首爾仁川,KR,🇰🇷,2026-07-09,13516,TWD,B7919,B7,立榮航空,立榮航空,UNI AIR,14:10,11:30,373,0,0,0,7,No checked baggage,Flex,,needs_verification,https://www.uniair.com.tw/,unknown,unknown,unknown,mock-offer-fallback,2026-06-26T10:17:47+00:00
e02895d5bc42f823,TPE-NRT,TPE,桃園,桃園,TW,🇹🇼,NRT,東京成田,東京成田,JP,🇯🇵,2026-07-09,10503,TWD,BR649,BR,長榮航空,長榮航空,EVA Air,10:30,22:45,241,0,0,0,10,No checked baggage,Basic,,needs_verification,https://www.evaair.com/,unknown,unknown,unknown,mock-offer-fallback,2026-06-26T10:17:47+00:00
408cbb8cd0b5fb17,TPE-NRT,TPE,桃園,桃園,TW,🇹🇼,NRT,東京成田,東京成田,JP,🇯🇵,2026-07-09,15080,TWD,JX226,JX,星宇航空,星宇航空,STARLUX Airlines,12:20,22:45,336,0,0,0,10,No checked baggage,Flex,,needs_verification,https://www.starlux-airlines.com/,unknown,unknown,unknown,mock-offer-fallback,2026-06-26T10:17:47+00:00
0994afde936ff7fc,TSA-KNH,TSA,松山,松山,TW,🇹🇼,KNH,金門,金門,TW,🇹🇼,2026-07-09,9065,TWD,JX685,JX,星宇航空,星宇航空,STARLUX Airlines,12:10,18:30,381,0,30,2,7,Checked baggage 30kg / 2 piece(s),Standard,,needs_verification,https://www.starlux-airlines.com/,unknown,unknown,unknown,mock-offer-fallback,2026-06-26T10:17:47+00:00
a372871ccee21535,TSA-KNH,TSA,松山,松山,TW,🇹🇼,KNH,金門,金門,TW,🇹🇼,2026-07-09,13407,TWD,JX346,JX,星宇航空,星宇航空,STARLUX Airlines,15:00,21:30,353,0,23,1,10,Checked baggage 23kg / 1 piece(s),Flex,,needs_verification,https://www.starlux-airlines.com/,unknown,unknown,unknown,mock-offer-fallback,2026-06-26T10:17:47+00:00
8248952c9eb64502,TPE-HKG,TPE,桃園,桃園,TW,🇹🇼,HKG,香港,香港,HK,🇭🇰,2026-07-10,5683,TWD,CI876,CI,中華航空,中華航空,China Airlines,16:55,19:10,143,1,23,2,7,Checked baggage 23kg / 2 piece(s),Standard,,needs_verification,https://www.china-airlines.com/,unknown,unknown,unknown,mock-offer-fallback,2026-06-26T10:17:47+00:00
16a241d941160359,TPE-HKG,TPE,桃園,桃園,TW,🇹🇼,HKG,香港,香港,HK,🇭🇰,2026-07-10,11195,TWD,IT750,IT,台灣虎航,台灣虎航,Tigerair Taiwan,15:00,18:10,95,0,30,1,10,Checked baggage 30kg / 1 piece(s),Standard,,needs_verification,https://www.tigerairtw.com/,unknown,unknown,unknown,mock-offer-fallback,2026-06-26T10:17:47+00:00
a089ab92ecd94168,TPE-ICN,TPE,桃園,桃園,TW,🇹🇼,ICN,首爾仁川,首爾仁川,KR,🇰🇷,2026-07-10,4470,TWD,IT925,IT,台灣虎航,台灣虎航,Tigerair Taiwan,21:45,11:00,255,0,15,1,10,Checked baggage 15kg / 1 piece(s),Standard,,needs_verification,https://www.tigerairtw.com/,unknown,unknown,unknown,mock-offer-fallback,2026-06-26T10:17:47+00:00
b68c8513d1d430b6,TPE-ICN,TPE,桃園,桃園,TW,🇹🇼,ICN,首爾仁川,首爾仁川,KR,🇰🇷,2026-07-10,14798,TWD,AE120,AE,華信航空,華信航空,Mandarin Airlines,07:45,14:55,294,1,23,1,7,Checked baggage 23kg / 1 piece(s),Standard,,needs_verification,https://www.mandarin-airlines.com/,unknown,unknown,unknown,mock-offer-fallback,2026-06-26T10:17:47+00:00
c024139397592174,TPE-NRT,TPE,桃園,桃園,TW,🇹🇼,NRT,東京成田,東京成田,JP,🇯🇵,2026-07-10,8064,TWD,AE233,AE,華信航空,華信航空,Mandarin Airlines,21:30,23:45,360,1,30,2,10,Checked baggage 30kg / 2 piece(s),Flex,,needs_verification,https://www.mandarin-airlines.com/,unknown,unknown,unknown,mock-offer-fallback,2026-06-26T10:17:47+00:00
5e04122b00ce609e,TPE-NRT,TPE,桃園,桃園,TW,🇹🇼,NRT,東京成田,東京成田,JP,🇯🇵,2026-07-10,13410,TWD,AE216,AE,華信航空,華信航空,Mandarin Airlines,13:10,20:55,216,0,0,0,7,No checked baggage,Flex,,needs_verification,https://www.mandarin-airlines.com/,unknown,unknown,unknown,mock-offer-fallback,2026-06-26T10:17:47+00:00
241802fea5c15acd,TSA-KNH,TSA,松山,松山,TW,🇹🇼,KNH,金門,金門,TW,🇹🇼,2026-07-10,12487,TWD,AE952,AE,華信航空,華信航空,Mandarin Airlines,07:20,08:55,149,2,30,2,10,Checked baggage 30kg / 2 piece(s),Flex,,needs_verification,https://www.mandarin-airlines.com/,unknown,unknown,unknown,mock-offer-fallback,2026-06-26T10:17:47+00:00
31831b8760da37d5,TSA-KNH,TSA,松山,松山,TW,🇹🇼,KNH,金門,金門,TW,🇹🇼,2026-07-10,13328,TWD,IT326,IT,台灣虎航,台灣虎航,Tigerair Taiwan,11:00,19:55,189,1,20,2,7,Checked baggage 20kg / 2 piece(s),Flex,,needs_verification,https://www.tigerairtw.com/,unknown,unknown,unknown,mock-offer-fallback,2026-06-26T10:17:47+00:00
2a44bf26c909f436,TPE-HKG,TPE,桃園,桃園,TW,🇹🇼,HKG,香港,香港,HK,🇭🇰,2026-07-11,5881,TWD,B7798,B7,立榮航空,立榮航空,UNI AIR,19:55,20:10,169,0,0,0,7,No checked baggage,Standard,,needs_verification,https://www.uniair.com.tw/,unknown,unknown,unknown,mock-offer-fallback,2026-06-26T10:17:47+00:00
b2ee4e965e11cd75,TPE-HKG,TPE,桃園,桃園,TW,🇹🇼,HKG,香港,香港,HK,🇭🇰,2026-07-11,14776,TWD,BR206,BR,長榮航空,長榮航空,EVA Air,22:55,17:45,178,1,30,1,10,Checked baggage 30kg / 1 piece(s),Basic,,needs_verification,https://www.evaair.com/,unknown,unknown,unknown,mock-offer-fallback,2026-06-26T10:17:47+00:00
51dfcd45eb5c645c,TPE-ICN,TPE,桃園,桃園,TW,🇹🇼,ICN,首爾仁川,首爾仁川,KR,🇰🇷,2026-07-11,10882,TWD,JX519,JX,星宇航空,星宇航空,STARLUX Airlines,21:30,17:55,314,1,15,2,7,Checked baggage 15kg / 2 piece(s),Basic,,needs_verification,https://www.starlux-airlines.com/,unknown,unknown,unknown,mock-offer-fallback,2026-06-26T10:17:47+00:00
915b6e136df610a6,TPE-ICN,TPE,桃園,桃園,TW,🇹🇼,ICN,首爾仁川,首爾仁川,KR,🇰🇷,2026-07-11,15404,TWD,B7174,B7,立榮航空,立榮航空,UNI AIR,22:10,14:45,170,1,15,2,7,Checked baggage 15kg / 2 piece(s),Flex,,needs_verification,https://www.uniair.com.tw/,unknown,unknown,unknown,mock-offer-fallback,2026-06-26T10:17:47+00:00
b4da30a5a193cb54,TPE-NRT,TPE,桃園,桃園,TW,🇹🇼,NRT,東京成田,東京成田,JP,🇯🇵,2026-07-11,11966,TWD,B7336,B7,立榮航空,立榮航空,UNI AIR,17:30,12:45,224,1,23,1,10,Checked baggage 23kg / 1 piece(s),Flex,,needs_verification,https://www.uniair.com.tw/,unknown,unknown,unknown,mock-offer-fallback,2026-06-26T10:17:47+00:00
0120d34d19274877,TPE-NRT,TPE,桃園,桃園,TW,🇹🇼,NRT,東京成田,東京成田,JP,🇯🇵,2026-07-11,15942,TWD,BR357,BR,長榮航空,長榮航空,EVA Air,08:20,10:45,178,1,20,2,7,Checked baggage 20kg / 2 piece(s),Flex,,needs_verification,https://www.evaair.com/,unknown,unknown,unknown,mock-offer-fallback,2026-06-26T10:17:47+00:00
ef58bab40e96684c,TSA-KNH,TSA,松山,松山,TW,🇹🇼,KNH,金門,金門,TW,🇹🇼,2026-07-11,7901,TWD,B7384,B7,立榮航空,立榮航空,UNI AIR,14:45,19:45,345,1,0,0,7,No checked baggage,Flex,,needs_verification,https://www.uniair.com.tw/,unknown,unknown,unknown,mock-offer-fallback,2026-06-26T10:17:47+00:00
dddb01190762d879,TSA-KNH,TSA,松山,松山,TW,🇹🇼,KNH,金門,金門,TW,🇹🇼,2026-07-11,8529,TWD,IT276,IT,台灣虎航,台灣虎航,Tigerair Taiwan,19:45,09:30,316,0,20,2,7,Checked baggage 20kg / 2 piece(s),Standard,,needs_verification,https://www.tigerairtw.com/,unknown,unknown,unknown,mock-offer-fallback,2026-06-26T10:17:47+00:00
75e9d6d4d39fdd9b,TPE-HKG,TPE,桃園,桃園,TW,🇹🇼,HKG,香港,香港,HK,🇭🇰,2026-07-12,5279,TWD,BR377,BR,長榮航空,長榮航空,EVA Air,13:55,11:10,301,0,23,2,10,Checked baggage 23kg / 2 piece(s),Basic,,needs_verification,https://www.evaair.com/,unknown,unknown,unknown,mock-offer-fallback,2026-06-26T10:17:47+00:00
8d8e54e78fc82ca7,TPE-HKG,TPE,桃園,桃園,TW,🇹🇼,HKG,香港,香港,HK,🇭🇰,2026-07-12,10270,TWD,CI763,CI,中華航空,中華航空,China Airlines,19:00,18:45,320,1,23,1,7,Checked baggage 23kg / 1 piece(s),Flex,,needs_verification,https://www.china-airlines.com/,unknown,unknown,unknown,mock-offer-fallback,2026-06-26T10:17:47+00:00
a553cee78a7f711a,TPE-ICN,TPE,桃園,桃園,TW,🇹🇼,ICN,首爾仁川,首爾仁川,KR,🇰🇷,2026-07-12,8382,TWD,AE386,AE,華信航空,華信航空,Mandarin Airlines,09:55,12:00,224,0,15,2,7,Checked baggage 15kg / 2 piece(s),Standard,,needs_verification,https://www.mandarin-airlines.com/,unknown,unknown,unknown,mock-offer-fallback,2026-06-26T10:17:47+00:00
5c06391b34e2ba5f,TPE-ICN,TPE,桃園,桃園,TW,🇹🇼,ICN,首爾仁川,首爾仁川,KR,🇰🇷,2026-07-12,10279,TWD,IT723,IT,台灣虎航,台灣虎航,Tigerair Taiwan,13:55,12:00,175,0,30,1,10,Checked baggage 30kg / 1 piece(s),Standard,,needs_verification,https://www.tigerairtw.com/,unknown,unknown,unknown,mock-offer-fallback,2026-06-26T10:17:47+00:00
b7513002a0be7e21,TPE-NRT,TPE,桃園,桃園,TW,🇹🇼,NRT,東京成田,東京成田,JP,🇯🇵,2026-07-12,5472,TWD,IT303,IT,台灣虎航,台灣虎航,Tigerair Taiwan,16:20,20:00,314,1,0,0,10,No checked baggage,Flex,,needs_verification,https://www.tigerairtw.com/,unknown,unknown,unknown,mock-offer-fallback,2026-06-26T10:17:47+00:00
7f95c4aabd527e4e,TPE-NRT,TPE,桃園,桃園,TW,🇹🇼,NRT,東京成田,東京成田,JP,🇯🇵,2026-07-12,12494,TWD,CI968,CI,中華航空,中華航空,China Airlines,15:20,15:55,250,2,20,2,7,Checked baggage 20kg / 2 piece(s),Flex,,needs_verification,https://www.china-airlines.com/,unknown,unknown,unknown,mock-offer-fallback,2026-06-26T10:17:47+00:00
3f7c13b344126ce2,TSA-KNH,TSA,松山,松山,TW,🇹🇼,KNH,金門,金門,TW,🇹🇼,2026-07-12,6667,TWD,CI175,CI,中華航空,中華航空,China Airlines,12:20,20:00,137,1,15,1,7,Checked baggage 15kg / 1 piece(s),Flex,,needs_verification,https://www.china-airlines.com/,unknown,unknown,unknown,mock-offer-fallback,2026-06-26T10:17:47+00:00
7eab161568cb475f,TSA-KNH,TSA,松山,松山,TW,🇹🇼,KNH,金門,金門,TW,🇹🇼,2026-07-12,12691,TWD,B7162,B7,立榮航空,立榮航空,UNI AIR,21:20,16:30,154,1,23,1,7,Checked baggage 23kg / 1 piece(s),Standard,,needs_verification,https://www.uniair.com.tw/,unknown,unknown,unknown,mock-offer-fallback,2026-06-26T10:17:47+00:00
c121640a8cbaacf7,TPE-HKG,TPE,桃園,桃園,TW,🇹🇼,HKG,香港,香港,HK,🇭🇰,2026-07-13,9117,TWD,IT552,IT,台灣虎航,台灣虎航,Tigerair Taiwan,10:55,11:10,272,2,23,1,10,Checked baggage 23kg / 1 piece(s),Standard,,needs_verification,https://www.tigerairtw.com/,unknown,unknown,unknown,mock-offer-fallback,2026-06-26T10:17:47+00:00
913ed9c06c9432b8,TPE-HKG,TPE,桃園,桃園,TW,🇹🇼,HKG,香港,香港,HK,🇭🇰,2026-07-13,12737,TWD,CI982,CI,中華航空,中華航空,China Airlines,12:00,22:30,404,0,30,2,10,Checked baggage 30kg / 2 piece(s),Flex,,needs_verification,https://www.china-airlines.com/,unknown,unknown,unknown,mock-offer-fallback,2026-06-26T10:17:47+00:00
acd1d538cf989d84,TPE-ICN,TPE,桃園,桃園,TW,🇹🇼,ICN,首爾仁川,首爾仁川,KR,🇰🇷,2026-07-13,6024,TWD,CI627,CI,中華航空,中華航空,China Airlines,20:00,17:10,89,1,0,0,10,No checked baggage,Basic,,needs_verification,https://www.china-airlines.com/,unknown,unknown,unknown,mock-offer-fallback,2026-06-26T10:17:47+00:00
418623812e77a3e2,TPE-ICN,TPE,桃園,桃園,TW,🇹🇼,ICN,首爾仁川,首爾仁川,KR,🇰🇷,2026-07-13,7388,TWD,B7856,B7,立榮航空,立榮航空,UNI AIR,15:30,14:55,387,2,15,1,7,Checked baggage 15kg / 1 piece(s),Basic,,needs_verification,https://www.uniair.com.tw/,unknown,unknown,unknown,mock-offer-fallback,2026-06-26T10:17:47+00:00
8e40935d6312cd01,TPE-NRT,TPE,桃園,桃園,TW,🇹🇼,NRT,東京成田,東京成田,JP,🇯🇵,2026-07-13,13971,TWD,CI713,CI,中華航空,中華航空,China Airlines,16:55,17:00,341,1,0,0,10,No checked baggage,Basic,,needs_verification,https://www.china-airlines.com/,unknown,unknown,unknown,mock-offer-fallback,2026-06-26T10:17:47+00:00
227d130f3d6ffd44,TPE-NRT,TPE,桃園,桃園,TW,🇹🇼,NRT,東京成田,東京成田,JP,🇯🇵,2026-07-13,15607,TWD,IT484,IT,台灣虎航,台灣虎航,Tigerair Taiwan,14:10,11:55,144,0,30,2,10,Checked baggage 30kg / 2 piece(s),Basic,,needs_verification,https://www.tigerairtw.com/,unknown,unknown,unknown,mock-offer-fallback,2026-06-26T10:17:47+00:00
a053c529c28518b7,TSA-KNH,TSA,松山,松山,TW,🇹🇼,KNH,金門,金門,TW,🇹🇼,2026-07-13,10873,TWD,IT821,IT,台灣虎航,台灣虎航,Tigerair Taiwan,16:00,12:55,184,0,23,1,7,Checked baggage 23kg / 1 piece(s),Flex,,needs_verification,https://www.tigerairtw.com/,unknown,unknown,unknown,mock-offer-fallback,2026-06-26T10:17:47+00:00
d98dcac3b638134b,TSA-KNH,TSA,松山,松山,TW,🇹🇼,KNH,金門,金門,TW,🇹🇼,2026-07-13,15862,TWD,AE208,AE,華信航空,華信航空,Mandarin Airlines,07:20,14:10,104,0,20,1,7,Checked baggage 20kg / 1 piece(s),Flex,,needs_verification,https://www.mandarin-airlines.com/,unknown,unknown,unknown,mock-offer-fallback,2026-06-26T10:17:47+00:00
709a98a992bf526a,TPE-HKG,TPE,桃園,桃園,TW,🇹🇼,HKG,香港,香港,HK,🇭🇰,2026-07-14,9698,TWD,IT898,IT,台灣虎航,台灣虎航,Tigerair Taiwan,16:10,14:30,100,0,20,1,10,Checked baggage 20kg / 1 piece(s),Flex,,needs_verification,https://www.tigerairtw.com/,unknown,unknown,unknown,mock-offer-fallback,2026-06-26T10:17:47+00:00
11b2e9c422f08296,TPE-HKG,TPE,桃園,桃園,TW,🇹🇼,HKG,香港,香港,HK,🇭🇰,2026-07-14,15550,TWD,AE316,AE,華信航空,華信航空,Mandarin Airlines,17:55,10:55,160,0,30,2,10,Checked baggage 30kg / 2 piece(s),Basic,,needs_verification,https://www.mandarin-airlines.com/,unknown,unknown,unknown,mock-offer-fallback,2026-06-26T10:17:47+00:00
363ab813b1a48279,TPE-ICN,TPE,桃園,桃園,TW,🇹🇼,ICN,首爾仁川,首爾仁川,KR,🇰🇷,2026-07-14,9648,TWD,BR972,BR,長榮航空,長榮航空,EVA Air,15:20,10:10,111,2,15,2,7,Checked baggage 15kg / 2 piece(s),Standard,,needs_verification,https://www.evaair.com/,unknown,unknown,unknown,mock-offer-fallback,2026-06-26T10:17:47+00:00
776237e9c99f17bb,TPE-ICN,TPE,桃園,桃園,TW,🇹🇼,ICN,首爾仁川,首爾仁川,KR,🇰🇷,2026-07-14,15451,TWD,AE171,AE,華信航空,華信航空,Mandarin Airlines,18:55,12:20,242,1,23,2,7,Checked baggage 23kg / 2 piece(s),Standard,,needs_verification,https://www.mandarin-airlines.com/,unknown,unknown,unknown,mock-offer-fallback,2026-06-26T10:17:47+00:00
1c21e51ba65a88ec,TPE-NRT,TPE,桃園,桃園,TW,🇹🇼,NRT,東京成田,東京成田,JP,🇯🇵,2026-07-14,4373,TWD,BR463,BR,長榮航空,長榮航空,EVA Air,15:45,11:45,111,0,15,1,7,Checked baggage 15kg / 1 piece(s),Basic,,needs_verification,https://www.evaair.com/,unknown,unknown,unknown,mock-offer-fallback,2026-06-26T10:17:47+00:00
41a4759d79c5aaaf,TPE-NRT,TPE,桃園,桃園,TW,🇹🇼,NRT,東京成田,東京成田,JP,🇯🇵,2026-07-14,12684,TWD,CI775,CI,中華航空,中華航空,China Airlines,06:30,09:10,271,1,20,1,7,Checked baggage 20kg / 1 piece(s),Basic,,needs_verification,https://www.china-airlines.com/,unknown,unknown,unknown,mock-offer-fallback,2026-06-26T10:17:47+00:00
aea7f2a149fa3499,TSA-KNH,TSA,松山,松山,TW,🇹🇼,KNH,金門,金門,TW,🇹🇼,2026-07-14,13767,TWD,BR590,BR,長榮航空,長榮航空,EVA Air,20:10,22:10,112,0,15,2,10,Checked baggage 15kg / 2 piece(s),Standard,,needs_verification,https://www.evaair.com/,unknown,unknown,unknown,mock-offer-fallback,2026-06-26T10:17:47+00:00
552cb5a9706c5c84,TSA-KNH,TSA,松山,松山,TW,🇹🇼,KNH,金門,金門,TW,🇹🇼,2026-07-14,14045,TWD,B7285,B7,立榮航空,立榮航空,UNI AIR,18:00,22:45,273,1,23,1,7,Checked baggage 23kg / 1 piece(s),Basic,,needs_verification,https://www.uniair.com.tw/,unknown,unknown,unknown,mock-offer-fallback,2026-06-26T10:17:47+00:00
789b3da8a9c269ca,TPE-HKG,TPE,桃園,桃園,TW,🇹🇼,HKG,香港,香港,HK,🇭🇰,2026-07-15,8408,TWD,B7445,B7,立榮航空,立榮航空,UNI AIR,17:30,14:55,235,1,0,0,10,No checked baggage,Standard,,needs_verification,https://www.uniair.com.tw/,unknown,unknown,unknown,mock-offer-fallback,2026-06-26T10:17:47+00:00
70f3a5fd8bf66883,TPE-HKG,TPE,桃園,桃園,TW,🇹🇼,HKG,香港,香港,HK,🇭🇰,2026-07-15,15631,TWD,AE674,AE,華信航空,華信航空,Mandarin Airlines,19:55,20:55,154,1,15,2,7,Checked baggage 15kg / 2 piece(s),Standard,,needs_verification,https://www.mandarin-airlines.com/,unknown,unknown,unknown,mock-offer-fallback,2026-06-26T10:17:47+00:00
9a125b432876d662,TPE-ICN,TPE,桃園,桃園,TW,🇹🇼,ICN,首爾仁川,首爾仁川,KR,🇰🇷,2026-07-15,5876,TWD,AE175,AE,華信航空,華信航空,Mandarin Airlines,06:30,11:20,398,0,23,2,10,Checked baggage 23kg / 2 piece(s),Standard,,needs_verification,https://www.mandarin-airlines.com/,unknown,unknown,unknown,mock-offer-fallback,2026-06-26T10:17:47+00:00
c9faab2a2a3131bc,TPE-ICN,TPE,桃園,桃園,TW,🇹🇼,ICN,首爾仁川,首爾仁川,KR,🇰🇷,2026-07-15,10651,TWD,CI267,CI,中華航空,中華航空,China Airlines,11:20,12:00,298,2,20,2,7,Checked baggage 20kg / 2 piece(s),Standard,,needs_verification,https://www.china-airlines.com/,unknown,unknown,unknown,mock-offer-fallback,2026-06-26T10:17:47+00:00
6a30b85b60b12d6b,TPE-NRT,TPE,桃園,桃園,TW,🇹🇼,NRT,東京成田,東京成田,JP,🇯🇵,2026-07-15,8103,TWD,AE414,AE,華信航空,華信航空,Mandarin Airlines,22:45,21:10,366,1,23,1,10,Checked baggage 23kg / 1 piece(s),Flex,,needs_verification,https://www.mandarin-airlines.com/,unknown,unknown,unknown,mock-offer-fallback,2026-06-26T10:17:47+00:00
f5a222ac9c38feac,TPE-NRT,TPE,桃園,桃園,TW,🇹🇼,NRT,東京成田,東京成田,JP,🇯🇵,2026-07-15,11095,TWD,CI804,CI,中華航空,中華航空,China Airlines,08:10,19:10,291,0,20,2,7,Checked baggage 20kg / 2 piece(s),Basic,,needs_verification,https://www.china-airlines.com/,unknown,unknown,unknown,mock-offer-fallback,2026-06-26T10:17:47+00:00
e18a75afd11fe9af,TSA-KNH,TSA,松山,松山,TW,🇹🇼,KNH,金門,金門,TW,🇹🇼,2026-07-15,9513,TWD,B7352,B7,立榮航空,立榮航空,UNI AIR,19:30,22:00,233,1,23,1,10,Checked baggage 23kg / 1 piece(s),Flex,,needs_verification,https://www.uniair.com.tw/,unknown,unknown,unknown,mock-offer-fallback,2026-06-26T10:17:47+00:00
4602cb8447939bba,TSA-KNH,TSA,松山,松山,TW,🇹🇼,KNH,金門,金門,TW,🇹🇼,2026-07-15,10671,TWD,B7400,B7,立榮航空,立榮航空,UNI AIR,11:45,15:10,266,1,30,2,10,Checked baggage 30kg / 2 piece(s),Standard,,needs_verification,https://www.uniair.com.tw/,unknown,unknown,unknown,mock-offer-fallback,2026-06-26T10:17:47+00:00
d80d435f1262287e,TPE-HKG,TPE,桃園,桃園,TW,🇹🇼,HKG,香港,香港,HK,🇭🇰,2026-07-16,14305,TWD,JX106,JX,星宇航空,星宇航空,STARLUX Airlines,11:20,11:45,140,2,23,2,10,Checked baggage 23kg / 2 piece(s),Standard,,needs_verification,https://www.starlux-airlines.com/,unknown,unknown,unknown,mock-offer-fallback,2026-06-26T10:17:47+00:00
a7333cb1d6fedf81,TPE-HKG,TPE,桃園,桃園,TW,🇹🇼,HKG,香港,香港,HK,🇭🇰,2026-07-16,14396,TWD,JX587,JX,星宇航空,星宇航空,STARLUX Airlines,18:55,17:00,395,0,30,2,7,Checked baggage 30kg / 2 piece(s),Standard,,needs_verification,https://www.starlux-airlines.com/,unknown,unknown,unknown,mock-offer-fallback,2026-06-26T10:17:47+00:00
3b5de97dec8cee41,TPE-ICN,TPE,桃園,桃園,TW,🇹🇼,ICN,首爾仁川,首爾仁川,KR,🇰🇷,2026-07-16,6511,TWD,BR279,BR,長榮航空,長榮航空,EVA Air,17:00,17:55,383,1,30,1,10,Checked baggage 30kg / 1 piece(s),Flex,,needs_verification,https://www.evaair.com/,unknown,unknown,unknown,mock-offer-fallback,2026-06-26T10:17:47+00:00
5656211c8d5630ff,TPE-ICN,TPE,桃園,桃園,TW,🇹🇼,ICN,首爾仁川,首爾仁川,KR,🇰🇷,2026-07-16,10026,TWD,IT999,IT,台灣虎航,台灣虎航,Tigerair Taiwan,07:20,16:00,340,1,30,1,7,Checked baggage 30kg / 1 piece(s),Basic,,needs_verification,https://www.tigerairtw.com/,unknown,unknown,unknown,mock-offer-fallback,2026-06-26T10:17:47+00:00
9a252da8966d0dd8,TPE-NRT,TPE,桃園,桃園,TW,🇹🇼,NRT,東京成田,東京成田,JP,🇯🇵,2026-07-16,4858,TWD,BR726,BR,長榮航空,長榮航空,EVA Air,15:00,16:55,140,0,15,2,7,Checked baggage 15kg / 2 piece(s),Standard,,needs_verification,https://www.evaair.com/,unknown,unknown,unknown,mock-offer-fallback,2026-06-26T10:17:47+00:00
821c1d0b5946d187,TPE-NRT,TPE,桃園,桃園,TW,🇹🇼,NRT,東京成田,東京成田,JP,🇯🇵,2026-07-16,6643,TWD,AE231,AE,華信航空,華信航空,Mandarin Airlines,11:30,09:45,149,2,23,1,7,Checked baggage 23kg / 1 piece(s),Flex,,needs_verification,https://www.mandarin-airlines.com/,unknown,unknown,unknown,mock-offer-fallback,2026-06-26T10:17:47+00:00
8a86501b94e647d9,TSA-KNH,TSA,松山,松山,TW,🇹🇼,KNH,金門,金門,TW,🇹🇼,2026-07-16,5398,TWD,BR204,BR,長榮航空,長榮航空,EVA Air,19:45,23:30,333,0,15,2,10,Checked baggage 15kg / 2 piece(s),Standard,,needs_verification,https://www.evaair.com/,unknown,unknown,unknown,mock-offer-fallback,2026-06-26T10:17:47+00:00
06663a59f1718c5b,TSA-KNH,TSA,松山,松山,TW,🇹🇼,KNH,金門,金門,TW,🇹🇼,2026-07-16,6489,TWD,IT680,IT,台灣虎航,台灣虎航,Tigerair Taiwan,12:00,19:45,420,0,23,1,10,Checked baggage 23kg / 1 piece(s),Basic,,needs_verification,https://www.tigerairtw.com/,unknown,unknown,unknown,mock-offer-fallback,2026-06-26T10:17:47+00:00
9d8e67177518f4ca,TPE-HKG,TPE,桃園,桃園,TW,🇹🇼,HKG,香港,香港,HK,🇭🇰,2026-07-17,10567,TWD,JX127,JX,星宇航空,星宇航空,STARLUX Airlines,12:20,12:30,209,1,15,1,7,Checked baggage 15kg / 1 piece(s),Standard,,needs_verification,https://www.starlux-airlines.com/,unknown,unknown,unknown,mock-offer-fallback,2026-06-26T10:17:47+00:00
059f50ef7b639a37,TPE-HKG,TPE,桃園,桃園,TW,🇹🇼,HKG,香港,香港,HK,🇭🇰,2026-07-17,15097,TWD,AE189,AE,華信航空,華信航空,Mandarin Airlines,09:10,08:00,186,1,20,1,7,Checked baggage 20kg / 1 piece(s),Basic,,needs_verification,https://www.mandarin-airlines.com/,unknown,unknown,unknown,mock-offer-fallback,2026-06-26T10:17:47+00:00
4627609f190ff856,TPE-ICN,TPE,桃園,桃園,TW,🇹🇼,ICN,首爾仁川,首爾仁川,KR,🇰🇷,2026-07-17,5322,TWD,AE955,AE,華信航空,華信航空,Mandarin Airlines,10:55,23:45,260,1,30,2,10,Checked baggage 30kg / 2 piece(s),Flex,,needs_verification,https://www.mandarin-airlines.com/,unknown,unknown,unknown,mock-offer-fallback,2026-06-26T10:17:47+00:00
305d4e5ed3b5fb87,TPE-ICN,TPE,桃園,桃園,TW,🇹🇼,ICN,首爾仁川,首爾仁川,KR,🇰🇷,2026-07-17,13772,TWD,AE702,AE,華信航空,華信航空,Mandarin Airlines,12:55,08:20,300,1,15,1,7,Checked baggage 15kg / 1 piece(s),Standard,,needs_verification,https://www.mandarin-airlines.com/,unknown,unknown,unknown,mock-offer-fallback,2026-06-26T10:17:47+00:00
51e68ac5eec8176f,TPE-NRT,TPE,桃園,桃園,TW,🇹🇼,NRT,東京成田,東京成田,JP,🇯🇵,2026-07-17,6419,TWD,B7514,B7,立榮航空,立榮航空,UNI AIR,21:00,22:00,164,1,0,0,7,No checked baggage,Flex,,needs_verification,https://www.uniair.com.tw/,unknown,unknown,unknown,mock-offer-fallback,2026-06-26T10:17:47+00:00
61d6dfbb37f76062,TPE-NRT,TPE,桃園,桃園,TW,🇹🇼,NRT,東京成田,東京成田,JP,🇯🇵,2026-07-17,14778,TWD,CI595,CI,中華航空,中華航空,China Airlines,13:20,08:10,373,0,15,2,10,Checked baggage 15kg / 2 piece(s),Standard,,needs_verification,https://www.china-airlines.com/,unknown,unknown,unknown,mock-offer-fallback,2026-06-26T10:17:47+00:00
0c9c6d89801b2d46,TSA-KNH,TSA,松山,松山,TW,🇹🇼,KNH,金門,金門,TW,🇹🇼,2026-07-17,9093,TWD,CI478,CI,中華航空,中華航空,China Airlines,18:20,11:00,144,2,15,2,10,Checked baggage 15kg / 2 piece(s),Standard,,needs_verification,https://www.china-airlines.com/,unknown,unknown,unknown,mock-offer-fallback,2026-06-26T10:17:47+00:00
858b3e3f20d696bd,TSA-KNH,TSA,松山,松山,TW,🇹🇼,KNH,金門,金門,TW,🇹🇼,2026-07-17,10026,TWD,B7895,B7,立榮航空,立榮航空,UNI AIR,15:00,18:10,300,1,15,1,10,Checked baggage 15kg / 1 piece(s),Basic,,needs_verification,https://www.uniair.com.tw/,unknown,unknown,unknown,mock-offer-fallback,2026-06-26T10:17:47+00:00
c30405235b4dd9fd,TPE-HKG,TPE,桃園,桃園,TW,🇹🇼,HKG,香港,香港,HK,🇭🇰,2026-07-18,6663,TWD,CI743,CI,中華航空,中華航空,China Airlines,17:00,15:45,218,1,20,2,10,Checked baggage 20kg / 2 piece(s),Basic,,needs_verification,https://www.china-airlines.com/,unknown,unknown,unknown,mock-offer-fallback,2026-06-26T10:17:47+00:00
97513aaf6cdb8354,TPE-HKG,TPE,桃園,桃園,TW,🇹🇼,HKG,香港,香港,HK,🇭🇰,2026-07-18,15613,TWD,BR594,BR,長榮航空,長榮航空,EVA Air,20:10,16:55,283,2,23,2,7,Checked baggage 23kg / 2 piece(s),Flex,,needs_verification,https://www.evaair.com/,unknown,unknown,unknown,mock-offer-fallback,2026-06-26T10:17:47+00:00
b279485d0555aba1,TPE-ICN,TPE,桃園,桃園,TW,🇹🇼,ICN,首爾仁川,首爾仁川,KR,🇰🇷,2026-07-18,12401,TWD,JX380,JX,星宇航空,星宇航空,STARLUX Airlines,15:55,20:55,270,1,15,2,10,Checked baggage 15kg / 2 piece(s),Basic,,needs_verification,https://www.starlux-airlines.com/,unknown,unknown,unknown,mock-offer-fallback,2026-06-26T10:17:47+00:00
7e1b3d335ed64a14,TPE-ICN,TPE,桃園,桃園,TW,🇹🇼,ICN,首爾仁川,首爾仁川,KR,🇰🇷,2026-07-18,14017,TWD,JX971,JX,星宇航空,星宇航空,STARLUX Airlines,16:30,19:00,416,0,20,2,7,Checked baggage 20kg / 2 piece(s),Flex,,needs_verification,https://www.starlux-airlines.com/,unknown,unknown,unknown,mock-offer-fallback,2026-06-26T10:17:47+00:00
9179da89c7f3356c,TPE-NRT,TPE,桃園,桃園,TW,🇹🇼,NRT,東京成田,東京成田,JP,🇯🇵,2026-07-18,5900,TWD,B7447,B7,立榮航空,立榮航空,UNI AIR,18:55,16:30,213,1,0,0,10,No checked baggage,Flex,,needs_verification,https://www.uniair.com.tw/,unknown,unknown,unknown,mock-offer-fallback,2026-06-26T10:17:47+00:00
457df160568e13bf,TPE-NRT,TPE,桃園,桃園,TW,🇹🇼,NRT,東京成田,東京成田,JP,🇯🇵,2026-07-18,14119,TWD,CI914,CI,中華航空,中華航空,China Airlines,06:10,18:45,300,1,20,1,7,Checked baggage 20kg / 1 piece(s),Standard,,needs_verification,https://www.china-airlines.com/,unknown,unknown,unknown,mock-offer-fallback,2026-06-26T10:17:47+00:00
90c00945585457b4,TSA-KNH,TSA,松山,松山,TW,🇹🇼,KNH,金門,金門,TW,🇹🇼,2026-07-18,6043,TWD,BR341,BR,長榮航空,長榮航空,EVA Air,20:10,16:55,266,1,23,2,7,Checked baggage 23kg / 2 piece(s),Standard,,needs_verification,https://www.evaair.com/,unknown,unknown,unknown,mock-offer-fallback,2026-06-26T10:17:47+00:00
68a26718f853d2db,TSA-KNH,TSA,松山,松山,TW,🇹🇼,KNH,金門,金門,TW,🇹🇼,2026-07-18,8611,TWD,B7377,B7,立榮航空,立榮航空,UNI AIR,18:00,20:00,313,1,23,1,10,Checked baggage 23kg / 1 piece(s),Flex,,needs_verification,https://www.uniair.com.tw/,unknown,unknown,unknown,mock-offer-fallback,2026-06-26T10:17:47+00:00
c1c32630df6a6e1d,TPE-HKG,TPE,桃園,桃園,TW,🇹🇼,HKG,香港,香港,HK,🇭🇰,2026-07-19,5590,TWD,B7125,B7,立榮航空,立榮航空,UNI AIR,17:20,19:45,216,1,23,1,10,Checked baggage 23kg / 1 piece(s),Flex,,needs_verification,https://www.uniair.com.tw/,unknown,unknown,unknown,mock-offer-fallback,2026-06-26T10:17:47+00:00
b0b663752517f9af,TPE-HKG,TPE,桃園,桃園,TW,🇹🇼,HKG,香港,香港,HK,🇭🇰,2026-07-19,8583,TWD,BR163,BR,長榮航空,長榮航空,EVA Air,08:10,16:10,386,2,0,0,7,No checked baggage,Basic,,needs_verification,https://www.evaair.com/,unknown,unknown,unknown,mock-offer-fallback,2026-06-26T10:17:47+00:00
84edc7f6f724c431,TPE-ICN,TPE,桃園,桃園,TW,🇹🇼,ICN,首爾仁川,首爾仁川,KR,🇰🇷,2026-07-19,4843,TWD,BR856,BR,長榮航空,長榮航空,EVA Air,20:55,20:10,101,0,20,1,10,Checked baggage 20kg / 1 piece(s),Basic,,needs_verification,https://www.evaair.com/,unknown,unknown,unknown,mock-offer-fallback,2026-06-26T10:17:47+00:00
0dcefeeef301f206,TPE-ICN,TPE,桃園,桃園,TW,🇹🇼,ICN,首爾仁川,首爾仁川,KR,🇰🇷,2026-07-19,15586,TWD,BR505,BR,長榮航空,長榮航空,EVA Air,12:20,21:20,213,1,23,1,7,Checked baggage 23kg / 1 piece(s),Standard,,needs_verification,https://www.evaair.com/,unknown,unknown,unknown,mock-offer-fallback,2026-06-26T10:17:47+00:00
d6f236ab3755c6bc,TPE-NRT,TPE,桃園,桃園,TW,🇹🇼,NRT,東京成田,東京成田,JP,🇯🇵,2026-07-19,4930,TWD,CI224,CI,中華航空,中華航空,China Airlines,14:20,15:00,230,1,23,1,7,Checked baggage 23kg / 1 piece(s),Flex,,needs_verification,https://www.china-airlines.com/,unknown,unknown,unknown,mock-offer-fallback,2026-06-26T10:17:47+00:00
dfe3b7f08aef0553,TPE-NRT,TPE,桃園,桃園,TW,🇹🇼,NRT,東京成田,東京成田,JP,🇯🇵,2026-07-19,11708,TWD,B7537,B7,立榮航空,立榮航空,UNI AIR,06:20,11:10,375,0,20,2,10,Checked baggage 20kg / 2 piece(s),Basic,,needs_verification,https://www.uniair.com.tw/,unknown,unknown,unknown,mock-offer-fallback,2026-06-26T10:17:47+00:00
6eb300c05cb1c615,TSA-KNH,TSA,松山,松山,TW,🇹🇼,KNH,金門,金門,TW,🇹🇼,2026-07-19,11332,TWD,AE394,AE,華信航空,華信航空,Mandarin Airlines,22:20,19:20,110,2,23,1,10,Checked baggage 23kg / 1 piece(s),Basic,,needs_verification,https://www.mandarin-airlines.com/,unknown,unknown,unknown,mock-offer-fallback,2026-06-26T10:17:47+00:00
cc2d155ef2081c1f,TSA-KNH,TSA,松山,松山,TW,🇹🇼,KNH,金門,金門,TW,🇹🇼,2026-07-19,15999,TWD,IT124,IT,台灣虎航,台灣虎航,Tigerair Taiwan,14:30,16:10,95,1,30,1,7,Checked baggage 30kg / 1 piece(s),Flex,,needs_verification,https://www.tigerairtw.com/,unknown,unknown,unknown,mock-offer-fallback,2026-06-26T10:17:47+00:00
b24ecc1ebdb55e1b,TPE-HKG,TPE,桃園,桃園,TW,🇹🇼,HKG,香港,香港,HK,🇭🇰,2026-07-20,7424,TWD,CI486,CI,中華航空,中華航空,China Airlines,13:30,17:45,315,1,15,2,7,Checked baggage 15kg / 2 piece(s),Basic,,needs_verification,https://www.china-airlines.com/,unknown,unknown,unknown,mock-offer-fallback,2026-06-26T10:17:47+00:00
f28e61a7e1d6bf3f,TPE-HKG,TPE,桃園,桃園,TW,🇹🇼,HKG,香港,香港,HK,🇭🇰,2026-07-20,9264,TWD,CI231,CI,中華航空,中華航空,China Airlines,21:55,16:00,340,1,23,2,10,Checked baggage 23kg / 2 piece(s),Basic,,needs_verification,https://www.china-airlines.com/,unknown,unknown,unknown,mock-offer-fallback,2026-06-26T10:17:47+00:00
27fe4823e29c50d2,TPE-ICN,TPE,桃園,桃園,TW,🇹🇼,ICN,首爾仁川,首爾仁川,KR,🇰🇷,2026-07-20,8469,TWD,JX761,JX,星宇航空,星宇航空,STARLUX Airlines,06:10,20:20,351,0,23,1,10,Checked baggage 23kg / 1 piece(s),Basic,,needs_verification,https://www.starlux-airlines.com/,unknown,unknown,unknown,mock-offer-fallback,2026-06-26T10:17:47+00:00
09759f74ea496932,TPE-ICN,TPE,桃園,桃園,TW,🇹🇼,ICN,首爾仁川,首爾仁川,KR,🇰🇷,2026-07-20,10897,TWD,AE174,AE,華信航空,華信航空,Mandarin Airlines,14:20,16:00,96,1,15,2,10,Checked baggage 15kg / 2 piece(s),Flex,,needs_verification,https://www.mandarin-airlines.com/,unknown,unknown,unknown,mock-offer-fallback,2026-06-26T10:17:47+00:00
e0c9ca983ef18ff2,TPE-NRT,TPE,桃園,桃園,TW,🇹🇼,NRT,東京成田,東京成田,JP,🇯🇵,2026-07-20,4295,TWD,BR791,BR,長榮航空,長榮航空,EVA Air,09:55,22:10,175,0,23,2,7,Checked baggage 23kg / 2 piece(s),Basic,,needs_verification,https://www.evaair.com/,unknown,unknown,unknown,mock-offer-fallback,2026-06-26T10:17:47+00:00
5713babb2b84e479,TPE-NRT,TPE,桃園,桃園,TW,🇹🇼,NRT,東京成田,東京成田,JP,🇯🇵,2026-07-20,11544,TWD,AE500,AE,華信航空,華信航空,Mandarin Airlines,20:20,15:20,411,2,30,2,10,Checked baggage 30kg / 2 piece(s),Flex,,needs_verification,https://www.mandarin-airlines.com/,unknown,unknown,unknown,mock-offer-fallback,2026-06-26T10:17:47+00:00
3b45dd7e271e3767,TSA-KNH,TSA,松山,松山,TW,🇹🇼,KNH,金門,金門,TW,🇹🇼,2026-07-20,9104,TWD,IT258,IT,台灣虎航,台灣虎航,Tigerair Taiwan,13:00,13:10,122,1,20,1,7,Checked baggage 20kg / 1 piece(s),Basic,,needs_verification,https://www.tigerairtw.com/,unknown,unknown,unknown,mock-offer-fallback,2026-06-26T10:17:47+00:00
046c39ac876e5fa8,TSA-KNH,TSA,松山,松山,TW,🇹🇼,KNH,金門,金門,TW,🇹🇼,2026-07-20,15940,TWD,CI992,CI,中華航空,中華航空,China Airlines,20:30,20:55,328,0,20,1,7,Checked baggage 20kg / 1 piece(s),Standard,,needs_verification,https://www.china-airlines.com/,unknown,unknown,unknown,mock-offer-fallback,2026-06-26T10:17:47+00:00
cf70423b346f4f09,TPE-HKG,TPE,桃園,桃園,TW,🇹🇼,HKG,香港,香港,HK,🇭🇰,2026-07-21,4684,TWD,CI157,CI,中華航空,中華航空,China Airlines,08:20,15:45,242,0,0,0,10,No checked baggage,Standard,,needs_verification,https://www.china-airlines.com/,unknown,unknown,unknown,mock-offer-fallback,2026-06-26T10:17:47+00:00
96ae0e4a9d2bd185,TPE-HKG,TPE,桃園,桃園,TW,🇹🇼,HKG,香港,香港,HK,🇭🇰,2026-07-21,5205,TWD,IT626,IT,台灣虎航,台灣虎航,Tigerair Taiwan,21:20,13:55,235,0,30,2,10,Checked baggage 30kg / 2 piece(s),Standard,,needs_verification,https://www.tigerairtw.com/,unknown,unknown,unknown,mock-offer-fallback,2026-06-26T10:17:47+00:00
4e463915b635290b,TPE-ICN,TPE,桃園,桃園,TW,🇹🇼,ICN,首爾仁川,首爾仁川,KR,🇰🇷,2026-07-21,11386,TWD,IT904,IT,台灣虎航,台灣虎航,Tigerair Taiwan,14:45,15:10,111,1,20,1,7,Checked baggage 20kg / 1 piece(s),Standard,,needs_verification,https://www.tigerairtw.com/,unknown,unknown,unknown,mock-offer-fallback,2026-06-26T10:17:47+00:00
1e8fedec5858c3b0,TPE-ICN,TPE,桃園,桃園,TW,🇹🇼,ICN,首爾仁川,首爾仁川,KR,🇰🇷,2026-07-21,12811,TWD,IT518,IT,台灣虎航,台灣虎航,Tigerair Taiwan,13:55,10:00,407,1,23,2,10,Checked baggage 23kg / 2 piece(s),Basic,,needs_verification,https://www.tigerairtw.com/,unknown,unknown,unknown,mock-offer-fallback,2026-06-26T10:17:47+00:00
7f80cc9a68d598d3,TPE-NRT,TPE,桃園,桃園,TW,🇹🇼,NRT,東京成田,東京成田,JP,🇯🇵,2026-07-21,9716,TWD,B7279,B7,立榮航空,立榮航空,UNI AIR,09:30,23:45,141,1,30,1,10,Checked baggage 30kg / 1 piece(s),Standard,,needs_verification,https://www.uniair.com.tw/,unknown,unknown,unknown,mock-offer-fallback,2026-06-26T10:17:47+00:00
7d5e0bde23e9713f,TPE-NRT,TPE,桃園,桃園,TW,🇹🇼,NRT,東京成田,東京成田,JP,🇯🇵,2026-07-21,13586,TWD,AE392,AE,華信航空,華信航空,Mandarin Airlines,18:10,18:55,260,0,23,1,7,Checked baggage 23kg / 1 piece(s),Basic,,needs_verification,https://www.mandarin-airlines.com/,unknown,unknown,unknown,mock-offer-fallback,2026-06-26T10:17:47+00:00
4a1f1e689a2eb370,TSA-KNH,TSA,松山,松山,TW,🇹🇼,KNH,金門,金門,TW,🇹🇼,2026-07-21,6450,TWD,B7512,B7,立榮航空,立榮航空,UNI AIR,17:30,14:55,153,1,0,0,7,No checked baggage,Standard,,needs_verification,https://www.uniair.com.tw/,unknown,unknown,unknown,mock-offer-fallback,2026-06-26T10:17:47+00:00
f1cb91d3e4e04f21,TSA-KNH,TSA,松山,松山,TW,🇹🇼,KNH,金門,金門,TW,🇹🇼,2026-07-21,8487,TWD,B7400,B7,立榮航空,立榮航空,UNI AIR,10:20,08:10,342,1,23,1,10,Checked baggage 23kg / 1 piece(s),Basic,,needs_verification,https://www.uniair.com.tw/,unknown,unknown,unknown,mock-offer-fallback,2026-06-26T10:17:47+00:00
5c857ac1924493a7,TPE-HKG,TPE,桃園,桃園,TW,🇹🇼,HKG,香港,香港,HK,🇭🇰,2026-07-22,7424,TWD,B7243,B7,立榮航空,立榮航空,UNI AIR,11:30,14:00,268,1,30,2,10,Checked baggage 30kg / 2 piece(s),Standard,,needs_verification,https://www.uniair.com.tw/,unknown,unknown,unknown,mock-offer-fallback,2026-06-26T10:17:47+00:00
4f6491510e013a46,TPE-HKG,TPE,桃園,桃園,TW,🇹🇼,HKG,香港,香港,HK,🇭🇰,2026-07-22,9742,TWD,B7966,B7,立榮航空,立榮航空,UNI AIR,20:55,20:30,136,1,20,1,7,Checked baggage 20kg / 1 piece(s),Basic,,needs_verification,https://www.uniair.com.tw/,unknown,unknown,unknown,mock-offer-fallback,2026-06-26T10:17:47+00:00
b39d5a3e38a9e365,TPE-ICN,TPE,桃園,桃園,TW,🇹🇼,ICN,首爾仁川,首爾仁川,KR,🇰🇷,2026-07-22,8720,TWD,CI403,CI,中華航空,中華航空,China Airlines,17:45,08:55,252,1,20,1,7,Checked baggage 20kg / 1 piece(s),Flex,,needs_verification,https://www.china-airlines.com/,unknown,unknown,unknown,mock-offer-fallback,2026-06-26T10:17:47+00:00
f375e4bbde4e5bb1,TPE-ICN,TPE,桃園,桃園,TW,🇹🇼,ICN,首爾仁川,首爾仁川,KR,🇰🇷,2026-07-22,10570,TWD,JX756,JX,星宇航空,星宇航空,STARLUX Airlines,15:10,12:00,104,1,20,2,10,Checked baggage 20kg / 2 piece(s),Flex,,needs_verification,https://www.starlux-airlines.com/,unknown,unknown,unknown,mock-offer-fallback,2026-06-26T10:17:47+00:00
7a56f10a9d8f4be1,TPE-NRT,TPE,桃園,桃園,TW,🇹🇼,NRT,東京成田,東京成田,JP,🇯🇵,2026-07-22,7410,TWD,BR243,BR,長榮航空,長榮航空,EVA Air,21:20,10:10,336,0,15,2,7,Checked baggage 15kg / 2 piece(s),Flex,,needs_verification,https://www.evaair.com/,unknown,unknown,unknown,mock-offer-fallback,2026-06-26T10:17:47+00:00
dff4e3931d164252,TPE-NRT,TPE,桃園,桃園,TW,🇹🇼,NRT,東京成田,東京成田,JP,🇯🇵,2026-07-22,15163,TWD,JX777,JX,星宇航空,星宇航空,STARLUX Airlines,09:55,17:55,233,2,0,0,7,No checked baggage,Flex,,needs_verification,https://www.starlux-airlines.com/,unknown,unknown,unknown,mock-offer-fallback,2026-06-26T10:17:47+00:00
7cb4c62f3e522ef7,TSA-KNH,TSA,松山,松山,TW,🇹🇼,KNH,金門,金門,TW,🇹🇼,2026-07-22,6484,TWD,BR126,BR,長榮航空,長榮航空,EVA Air,15:55,08:20,147,2,23,1,7,Checked baggage 23kg / 1 piece(s),Basic,,needs_verification,https://www.evaair.com/,unknown,unknown,unknown,mock-offer-fallback,2026-06-26T10:17:47+00:00
54e0a4389951c258,TSA-KNH,TSA,松山,松山,TW,🇹🇼,KNH,金門,金門,TW,🇹🇼,2026-07-22,10703,TWD,JX863,JX,星宇航空,星宇航空,STARLUX Airlines,15:00,18:10,133,2,15,2,7,Checked baggage 15kg / 2 piece(s),Standard,,needs_verification,https://www.starlux-airlines.com/,unknown,unknown,unknown,mock-offer-fallback,2026-06-26T10:17:47+00:00
487d792ee389e707,TPE-HKG,TPE,桃園,桃園,TW,🇹🇼,HKG,香港,香港,HK,🇭🇰,2026-07-23,12620,TWD,CI906,CI,中華航空,中華航空,China Airlines,11:30,12:10,96,1,23,1,7,Checked baggage 23kg / 1 piece(s),Basic,,needs_verification,https://www.china-airlines.com/,unknown,unknown,unknown,mock-offer-fallback,2026-06-26T10:17:47+00:00
8a7ffbfbb21ce1e0,TPE-HKG,TPE,桃園,桃園,TW,🇹🇼,HKG,香港,香港,HK,🇭🇰,2026-07-23,13223,TWD,BR707,BR,長榮航空,長榮航空,EVA Air,09:55,11:55,189,0,15,1,10,Checked baggage 15kg / 1 piece(s),Basic,,needs_verification,https://www.evaair.com/,unknown,unknown,unknown,mock-offer-fallback,2026-06-26T10:17:47+00:00
28a7003132ad37e1,TPE-ICN,TPE,桃園,桃園,TW,🇹🇼,ICN,首爾仁川,首爾仁川,KR,🇰🇷,2026-07-23,7104,TWD,AE946,AE,華信航空,華信航空,Mandarin Airlines,08:45,20:20,321,1,30,1,10,Checked baggage 30kg / 1 piece(s),Basic,,needs_verification,https://www.mandarin-airlines.com/,unknown,unknown,unknown,mock-offer-fallback,2026-06-26T10:17:47+00:00
33f918a66c34134d,TPE-ICN,TPE,桃園,桃園,TW,🇹🇼,ICN,首爾仁川,首爾仁川,KR,🇰🇷,2026-07-23,12219,TWD,CI732,CI,中華航空,中華航空,China Airlines,20:00,19:30,93,0,0,0,7,No checked baggage,Standard,,needs_verification,https://www.china-airlines.com/,unknown,unknown,unknown,mock-offer-fallback,2026-06-26T10:17:47+00:00
67d51f558c848d2c,TPE-NRT,TPE,桃園,桃園,TW,🇹🇼,NRT,東京成田,東京成田,JP,🇯🇵,2026-07-23,4785,TWD,B7538,B7,立榮航空,立榮航空,UNI AIR,11:00,13:20,414,0,20,1,10,Checked baggage 20kg / 1 piece(s),Standard,,needs_verification,https://www.uniair.com.tw/,unknown,unknown,unknown,mock-offer-fallback,2026-06-26T10:17:47+00:00
70d03c4670be8cc3,TPE-NRT,TPE,桃園,桃園,TW,🇹🇼,NRT,東京成田,東京成田,JP,🇯🇵,2026-07-23,9776,TWD,B7107,B7,立榮航空,立榮航空,UNI AIR,21:45,12:20,138,1,23,2,7,Checked baggage 23kg / 2 piece(s),Standard,,needs_verification,https://www.uniair.com.tw/,unknown,unknown,unknown,mock-offer-fallback,2026-06-26T10:17:47+00:00
00d4c35e3a45ae82,TSA-KNH,TSA,松山,松山,TW,🇹🇼,KNH,金門,金門,TW,🇹🇼,2026-07-23,10083,TWD,BR799,BR,長榮航空,長榮航空,EVA Air,09:20,09:20,355,0,20,1,7,Checked baggage 20kg / 1 piece(s),Basic,,needs_verification,https://www.evaair.com/,unknown,unknown,unknown,mock-offer-fallback,2026-06-26T10:17:47+00:00
ad0ff2e5b05ddbfe,TSA-KNH,TSA,松山,松山,TW,🇹🇼,KNH,金門,金門,TW,🇹🇼,2026-07-23,15826,TWD,BR115,BR,長榮航空,長榮航空,EVA Air,14:20,22:20,198,0,20,2,10,Checked baggage 20kg / 2 piece(s),Basic,,needs_verification,https://www.evaair.com/,unknown,unknown,unknown,mock-offer-fallback,2026-06-26T10:17:47+00:00
4608f96a9e7e65d2,TPE-HKG,TPE,桃園,桃園,TW,🇹🇼,HKG,香港,香港,HK,🇭🇰,2026-07-24,9355,TWD,IT173,IT,台灣虎航,台灣虎航,Tigerair Taiwan,19:45,10:20,129,0,20,1,7,Checked baggage 20kg / 1 piece(s),Standard,,needs_verification,https://www.tigerairtw.com/,unknown,unknown,unknown,mock-offer-fallback,2026-06-26T10:17:47+00:00
6038f5e3a850c9ce,TPE-HKG,TPE,桃園,桃園,TW,🇹🇼,HKG,香港,香港,HK,🇭🇰,2026-07-24,11983,TWD,B7991,B7,立榮航空,立榮航空,UNI AIR,20:00,09:55,218,1,15,1,10,Checked baggage 15kg / 1 piece(s),Flex,,needs_verification,https://www.uniair.com.tw/,unknown,unknown,unknown,mock-offer-fallback,2026-06-26T10:17:47+00:00
175450c2aef6d59a,TPE-ICN,TPE,桃園,桃園,TW,🇹🇼,ICN,首爾仁川,首爾仁川,KR,🇰🇷,2026-07-24,13192,TWD,JX340,JX,星宇航空,星宇航空,STARLUX Airlines,12:20,12:30,150,1,23,2,10,Checked baggage 23kg / 2 piece(s),Flex,,needs_verification,https://www.starlux-airlines.com/,unknown,unknown,unknown,mock-offer-fallback,2026-06-26T10:17:47+00:00
a30d596d71c39c58,TPE-ICN,TPE,桃園,桃園,TW,🇹🇼,ICN,首爾仁川,首爾仁川,KR,🇰🇷,2026-07-24,15674,TWD,JX176,JX,星宇航空,星宇航空,STARLUX Airlines,15:10,15:55,267,1,30,1,10,Checked baggage 30kg / 1 piece(s),Standard,,needs_verification,https://www.starlux-airlines.com/,unknown,unknown,unknown,mock-offer-fallback,2026-06-26T10:17:47+00:00
1ef2e5e91e4b2db1,TPE-NRT,TPE,桃園,桃園,TW,🇹🇼,NRT,東京成田,東京成田,JP,🇯🇵,2026-07-24,9875,TWD,BR760,BR,長榮航空,長榮航空,EVA Air,11:45,13:30,321,1,0,0,10,No checked baggage,Basic,,needs_verification,https://www.evaair.com/,unknown,unknown,unknown,mock-offer-fallback,2026-06-26T10:17:47+00:00
077604ff70b67493,TPE-NRT,TPE,桃園,桃園,TW,🇹🇼,NRT,東京成田,東京成田,JP,🇯🇵,2026-07-24,13476,TWD,BR318,BR,長榮航空,長榮航空,EVA Air,07:00,08:00,198,0,30,1,7,Checked baggage 30kg / 1 piece(s),Basic,,needs_verification,https://www.evaair.com/,unknown,unknown,unknown,mock-offer-fallback,2026-06-26T10:17:47+00:00
4958549ea5e54c4d,TSA-KNH,TSA,松山,松山,TW,🇹🇼,KNH,金門,金門,TW,🇹🇼,2026-07-24,6578,TWD,BR818,BR,長榮航空,長榮航空,EVA Air,06:45,22:55,164,2,0,0,7,No checked baggage,Flex,,needs_verification,https://www.evaair.com/,unknown,unknown,unknown,mock-offer-fallback,2026-06-26T10:17:47+00:00
5c5d90bee3bf086b,TSA-KNH,TSA,松山,松山,TW,🇹🇼,KNH,金門,金門,TW,🇹🇼,2026-07-24,8816,TWD,B7885,B7,立榮航空,立榮航空,UNI AIR,10:30,14:30,177,2,0,0,7,No checked baggage,Standard,,needs_verification,https://www.uniair.com.tw/,unknown,unknown,unknown,mock-offer-fallback,2026-06-26T10:17:47+00:00
2d9577719450bb32,TPE-HKG,TPE,桃園,桃園,TW,🇹🇼,HKG,香港,香港,HK,🇭🇰,2026-07-25,4750,TWD,CI802,CI,中華航空,中華航空,China Airlines,12:20,17:10,319,1,15,1,10,Checked baggage 15kg / 1 piece(s),Flex,,needs_verification,https://www.china-airlines.com/,unknown,unknown,unknown,mock-offer-fallback,2026-06-26T10:17:47+00:00
31097d214ffea343,TPE-HKG,TPE,桃園,桃園,TW,🇹🇼,HKG,香港,香港,HK,🇭🇰,2026-07-25,9057,TWD,CI196,CI,中華航空,中華航空,China Airlines,17:45,13:45,167,1,30,1,10,Checked baggage 30kg / 1 piece(s),Basic,,needs_verification,https://www.china-airlines.com/,unknown,unknown,unknown,mock-offer-fallback,2026-06-26T10:17:47+00:00
1ef60be5625c0900,TPE-ICN,TPE,桃園,桃園,TW,🇹🇼,ICN,首爾仁川,首爾仁川,KR,🇰🇷,2026-07-25,4385,TWD,BR869,BR,長榮航空,長榮航空,EVA Air,22:00,11:55,281,1,23,2,7,Checked baggage 23kg / 2 piece(s),Flex,,needs_verification,https://www.evaair.com/,unknown,unknown,unknown,mock-offer-fallback,2026-06-26T10:17:47+00:00
9de8a03f5be49877,TPE-ICN,TPE,桃園,桃園,TW,🇹🇼,ICN,首爾仁川,首爾仁川,KR,🇰🇷,2026-07-25,9746,TWD,IT818,IT,台灣虎航,台灣虎航,Tigerair Taiwan,18:00,15:10,269,2,23,2,10,Checked baggage 23kg / 2 piece(s),Basic,,needs_verification,https://www.tigerairtw.com/,unknown,unknown,unknown,mock-offer-fallback,2026-06-26T10:17:47+00:00
6b594a99a522196b,TPE-NRT,TPE,桃園,桃園,TW,🇹🇼,NRT,東京成田,東京成田,JP,🇯🇵,2026-07-25,4706,TWD,CI458,CI,中華航空,中華航空,China Airlines,19:10,19:00,140,1,30,1,10,Checked baggage 30kg / 1 piece(s),Basic,,needs_verification,https://www.china-airlines.com/,unknown,unknown,unknown,mock-offer-fallback,2026-06-26T10:17:47+00:00
34c2c40248fe9d6a,TPE-NRT,TPE,桃園,桃園,TW,🇹🇼,NRT,東京成田,東京成田,JP,🇯🇵,2026-07-25,11249,TWD,B7396,B7,立榮航空,立榮航空,UNI AIR,10:55,15:30,176,1,23,1,7,Checked baggage 23kg / 1 piece(s),Flex,,needs_verification,https://www.uniair.com.tw/,unknown,unknown,unknown,mock-offer-fallback,2026-06-26T10:17:47+00:00
afd88b1203f0c961,TSA-KNH,TSA,松山,松山,TW,🇹🇼,KNH,金門,金門,TW,🇹🇼,2026-07-25,7622,TWD,IT850,IT,台灣虎航,台灣虎航,Tigerair Taiwan,18:55,23:20,153,0,30,1,7,Checked baggage 30kg / 1 piece(s),Basic,,needs_verification,https://www.tigerairtw.com/,unknown,unknown,unknown,mock-offer-fallback,2026-06-26T10:17:47+00:00
4dc3c2b910d826d0,TSA-KNH,TSA,松山,松山,TW,🇹🇼,KNH,金門,金門,TW,🇹🇼,2026-07-25,11636,TWD,AE696,AE,華信航空,華信航空,Mandarin Airlines,09:00,23:20,402,2,0,0,10,No checked baggage,Flex,,needs_verification,https://www.mandarin-airlines.com/,unknown,unknown,unknown,mock-offer-fallback,2026-06-26T10:17:47+00:00
b3c35bbb13482925,TPE-HKG,TPE,桃園,桃園,TW,🇹🇼,HKG,香港,香港,HK,🇭🇰,2026-07-26,4403,TWD,BR277,BR,長榮航空,長榮航空,EVA Air,11:30,13:00,112,1,20,1,7,Checked baggage 20kg / 1 piece(s),Standard,,needs_verification,https://www.evaair.com/,unknown,unknown,unknown,mock-offer-fallback,2026-06-26T10:17:47+00:00
36753702254ee85d,TPE-HKG,TPE,桃園,桃園,TW,🇹🇼,HKG,香港,香港,HK,🇭🇰,2026-07-26,11680,TWD,CI593,CI,中華航空,中華航空,China Airlines,07:55,22:55,306,0,15,2,7,Checked baggage 15kg / 2 piece(s),Flex,,needs_verification,https://www.china-airlines.com/,unknown,unknown,unknown,mock-offer-fallback,2026-06-26T10:17:47+00:00
01853db27ddd5bab,TPE-ICN,TPE,桃園,桃園,TW,🇹🇼,ICN,首爾仁川,首爾仁川,KR,🇰🇷,2026-07-26,7876,TWD,CI214,CI,中華航空,中華航空,China Airlines,08:00,10:30,363,1,20,2,10,Checked baggage 20kg / 2 piece(s),Flex,,needs_verification,https://www.china-airlines.com/,unknown,unknown,unknown,mock-offer-fallback,2026-06-26T10:17:47+00:00
11193a3c61ad90c4,TPE-ICN,TPE,桃園,桃園,TW,🇹🇼,ICN,首爾仁川,首爾仁川,KR,🇰🇷,2026-07-26,15978,TWD,JX930,JX,星宇航空,星宇航空,STARLUX Airlines,19:10,21:20,118,0,30,1,7,Checked baggage 30kg / 1 piece(s),Basic,,needs_verification,https://www.starlux-airlines.com/,unknown,unknown,unknown,mock-offer-fallback,2026-06-26T10:17:47+00:00
36f6022c2de48638,TPE-NRT,TPE,桃園,桃園,TW,🇹🇼,NRT,東京成田,東京成田,JP,🇯🇵,2026-07-26,7883,TWD,B7467,B7,立榮航空,立榮航空,UNI AIR,11:10,21:30,409,0,20,2,10,Checked baggage 20kg / 2 piece(s),Standard,,needs_verification,https://www.uniair.com.tw/,unknown,unknown,unknown,mock-offer-fallback,2026-06-26T10:17:47+00:00
acb42081e777bcff,TPE-NRT,TPE,桃園,桃園,TW,🇹🇼,NRT,東京成田,東京成田,JP,🇯🇵,2026-07-26,13082,TWD,BR750,BR,長榮航空,長榮航空,EVA Air,20:30,09:00,177,1,30,2,7,Checked baggage 30kg / 2 piece(s),Standard,,needs_verification,https://www.evaair.com/,unknown,unknown,unknown,mock-offer-fallback,2026-06-26T10:17:47+00:00
3a4d610ebf1dc0f3,TSA-KNH,TSA,松山,松山,TW,🇹🇼,KNH,金門,金門,TW,🇹🇼,2026-07-26,9046,TWD,B7555,B7,立榮航空,立榮航空,UNI AIR,08:55,21:45,374,2,0,0,7,No checked baggage,Basic,,needs_verification,https://www.uniair.com.tw/,unknown,unknown,unknown,mock-offer-fallback,2026-06-26T10:17:47+00:00
8c4c8ce4ed1ab45a,TSA-KNH,TSA,松山,松山,TW,🇹🇼,KNH,金門,金門,TW,🇹🇼,2026-07-26,9986,TWD,IT519,IT,台灣虎航,台灣虎航,Tigerair Taiwan,08:30,09:55,176,1,23,1,7,Checked baggage 23kg / 1 piece(s),Standard,,needs_verification,https://www.tigerairtw.com/,unknown,unknown,unknown,mock-offer-fallback,2026-06-26T10:17:47+00:00
